"position";"team";"driver";"time";"laps";"track";"round";"orientation"
1;"McLaren";"Daniel Ricciardo";2.31;17;"Bahrain";1;"Right"
2;"Ferrari";"Carlos Sainz";2.33;14;"Bahrain";1;"Right"
3;"Ferrari";"Carlos Sainz";2.4;33;"Bahrain";1;"Right"
4;"Alpine";"Esteban Ocon";2.46;43;"Bahrain";1;"Right"
5;"Williams";"Nicholas Latifi";2.47;14;"Bahrain";1;"Right"
6;"McLaren";"Lando Norris";2.49;24;"Bahrain";1;"Right"
7;"Alpine";"Fernando Alonso";2.53;42;"Bahrain";1;"Right"
8;"Ferrari";"Charles Leclerc";2.54;31;"Bahrain";1;"Right"
9;"McLaren";"Daniel Ricciardo";2.58;33;"Bahrain";1;"Right"
10;"Ferrari";"Carlos Sainz";2.58;44;"Bahrain";1;"Right"
11;"Austria";"Max Verstappen";2.62;43;"Bahrain";1;"Right"
12;"AlphaTauri";"Yuki Tsunoda";2.62;44;"Bahrain";1;"Right"
13;"Austria";"Sergio Perez";2.63;33;"Bahrain";1;"Right"
14;"Williams";"Alexander Albon";2.7;13;"Bahrain";1;"Right"
15;"McLaren";"Daniel Ricciardo";2.76;44;"Bahrain";1;"Right"
16;"AlphaTauri";"Yuki Tsunoda";2.77;29;"Bahrain";1;"Right"
17;"AlphaTauri";"Pierre Gasly";2.78;14;"Bahrain";1;"Right"
18;"Aston Martin";"Lance Stroll";2.8;45;"Bahrain";1;"Right"
19;"Ferrari";"Charles Leclerc";2.81;46;"Bahrain";1;"Right"
20;"Williams";"Nicholas Latifi";2.85;32;"Bahrain";1;"Right"
21;"Williams";"Nicholas Latifi";2.89;45;"Bahrain";1;"Right"
22;"Austria";"Max Verstappen";2.92;14;"Bahrain";1;"Right"
23;"Williams";"Alexander Albon";3.0;46;"Bahrain";1;"Right"
24;"Aston Martin";"Lance Stroll";3.08;18;"Bahrain";1;"Right"
25;"Austria";"Max Verstappen";3.08;30;"Bahrain";1;"Right"
26;"Alpine";"Fernando Alonso";3.09;25;"Bahrain";1;"Right"
27;"Alfa Romeo";"Valtteri Bottas";3.1;14;"Bahrain";1;"Right"
28;"Alfa Romeo";"Valtteri Bottas";3.11;36;"Bahrain";1;"Right"
29;"Ferrari";"Charles Leclerc";3.14;15;"Bahrain";1;"Right"
30;"Austria";"Sergio Perez";3.19;15;"Bahrain";1;"Right"
31;"Austria";"Sergio Perez";3.23;43;"Bahrain";1;"Right"
32;"Aston Martin";"Nico Hulkenberg";3.26;44;"Bahrain";1;"Right"
33;"Alfa Romeo";"Zhou Guanyu";3.27;15;"Bahrain";1;"Right"
34;"Mercedes";"George Russell";3.27;33;"Bahrain";1;"Right"
35;"Alfa Romeo";"Valtteri Bottas";3.28;45;"Bahrain";1;"Right"
36;"Haas";"Mick Schumacher";3.3;12;"Bahrain";1;"Right"
37;"Williams";"Alexander Albon";3.31;35;"Bahrain";1;"Right"
38;"McLaren";"Lando Norris";3.38;45;"Bahrain";1;"Right"
39;"Alpine";"Fernando Alonso";3.39;11;"Bahrain";1;"Right"
40;"Mercedes";"Lewis Hamilton";3.45;11;"Bahrain";1;"Right"
41;"Mercedes";"George Russell";3.47;45;"Bahrain";1;"Right"
42;"Alpine";"Esteban Ocon";3.57;30;"Bahrain";1;"Right"
43;"Haas";"Kevin Magnussen";3.57;46;"Bahrain";1;"Right"
44;"Alfa Romeo";"Zhou Guanyu";3.59;37;"Bahrain";1;"Right"
45;"Haas";"Kevin Magnussen";3.63;14;"Bahrain";1;"Right"
46;"Mercedes";"George Russell";3.69;15;"Bahrain";1;"Right"
47;"Aston Martin";"Lance Stroll";3.7;38;"Bahrain";1;"Right"
48;"Haas";"Mick Schumacher";3.79;35;"Bahrain";1;"Right"
49;"Haas";"Kevin Magnussen";3.81;34;"Bahrain";1;"Right"
50;"Mercedes";"Lewis Hamilton";3.99;27;"Bahrain";1;"Right"
51;"Aston Martin";"Nico Hulkenberg";4.0;37;"Bahrain";1;"Right"
52;"Mercedes";"Lewis Hamilton";4.06;44;"Bahrain";1;"Right"
53;"AlphaTauri";"Pierre Gasly";4.13;32;"Bahrain";1;"Right"
54;"AlphaTauri";"Yuki Tsunoda";4.25;15;"Bahrain";1;"Right"
55;"Alfa Romeo";"Zhou Guanyu";4.66;45;"Bahrain";1;"Right"
56;"Aston Martin";"Nico Hulkenberg";4.88;19;"Bahrain";1;"Right"
57;"McLaren";"Lando Norris";5.5;41;"Bahrain";1;"Right"
58;"Alpine";"Esteban Ocon";8.54;14;"Bahrain";1;"Right"
1;"McLaren";"Daniel Ricciardo";2.41;8;"Saudia Arabia";2;"Left"
2;"McLaren";"Lando Norris";2.51;16;"Saudia Arabia";2;"Left"
3;"Austria";"Sergio Perez";2.53;15;"Saudia Arabia";2;"Left"
4;"Williams";"Alexander Albon";2.55;13;"Saudia Arabia";2;"Left"
5;"Austria";"Max Verstappen";2.6;16;"Saudia Arabia";2;"Left"
6;"Ferrari";"Charles Leclerc";2.62;16;"Saudia Arabia";2;"Left"
7;"Ferrari";"Carlos Sainz";2.7;16;"Saudia Arabia";2;"Left"
8;"Mercedes";"George Russell";3.07;16;"Saudia Arabia";2;"Left"
9;"Alpine";"Fernando Alonso";3.31;16;"Saudia Arabia";2;"Left"
10;"Alpine";"Esteban Ocon";3.35;16;"Saudia Arabia";2;"Left"
11;"Aston Martin";"Nico Hulkenberg";3.35;37;"Saudia Arabia";2;"Left"
12;"Mercedes";"Lewis Hamilton";3.94;40;"Saudia Arabia";2;"Left"
13;"Aston Martin";"Lance Stroll";4.43;13;"Saudia Arabia";2;"Left"
14;"Alfa Romeo";"Valtteri Bottas";4.66;35;"Saudia Arabia";2;"Left"
15;"Haas";"Kevin Magnussen";4.72;37;"Saudia Arabia";2;"Left"
16;"AlphaTauri";"Pierre Gasly";4.94;15;"Saudia Arabia";2;"Left"
17;"Alfa Romeo";"Valtteri Bottas";5.22;16;"Saudia Arabia";2;"Left"
18;"Alfa Romeo";"Zhou Guanyu";15.57;16;"Saudia Arabia";2;"Left"
1;"Austria";"Sergio Perez";2.27;20;"Australia";3;"Right"
2;"McLaren";"Lando Norris";2.42;20;"Australia";3;"Right"
3;"McLaren";"Daniel Ricciardo";2.42;21;"Australia";3;"Right"
4;"Williams";"Nicholas Latifi";2.53;23;"Australia";3;"Right"
5;"Ferrari";"Charles Leclerc";2.71;22;"Australia";3;"Right"
6;"Mercedes";"Lewis Hamilton";2.79;22;"Australia";3;"Right"
7;"Austria";"Max Verstappen";2.9;18;"Australia";3;"Right"
8;"Aston Martin";"Lance Stroll";3.02;3;"Australia";3;"Right"
9;"Aston Martin";"Lance Stroll";3.07;4;"Australia";3;"Right"
10;"AlphaTauri";"Yuki Tsunoda";3.08;18;"Australia";3;"Right"
11;"Alfa Romeo";"Zhou Guanyu";3.15;21;"Australia";3;"Right"
12;"Alpine";"Fernando Alonso";3.18;53;"Australia";3;"Right"
13;"Alfa Romeo";"Valtteri Bottas";3.19;22;"Australia";3;"Right"
14;"Williams";"Nicholas Latifi";3.2;13;"Australia";3;"Right"
15;"Mercedes";"George Russell";3.48;23;"Australia";3;"Right"
16;"Haas";"Mick Schumacher";3.52;14;"Australia";3;"Right"
17;"Alpine";"Fernando Alonso";3.59;39;"Australia";3;"Right"
18;"AlphaTauri";"Pierre Gasly";3.69;21;"Australia";3;"Right"
19;"Haas";"Kevin Magnussen";3.87;39;"Australia";3;"Right"
20;"Alpine";"Esteban Ocon";3.94;17;"Australia";3;"Right"
21;"Williams";"Alexander Albon";4.78;57;"Australia";3;"Right"
22;"Aston Martin";"Lance Stroll";4.86;23;"Australia";3;"Right"
1;"McLaren";"Lando Norris";2.27;19;"Emilia Romagna";4;"Right"
2;"Austria";"Sergio Perez";2.29;50;"Emilia Romagna";4;"Right"
3;"Austria";"Max Verstappen";2.34;51;"Emilia Romagna";4;"Right"
4;"Austria";"Max Verstappen";2.36;19;"Emilia Romagna";4;"Right"
5;"McLaren";"Daniel Ricciardo";2.44;30;"Emilia Romagna";4;"Right"
6;"Ferrari";"Charles Leclerc";2.48;49;"Emilia Romagna";4;"Right"
7;"Aston Martin";"Sebastian Vettel";2.52;17;"Emilia Romagna";4;"Right"
8;"McLaren";"Daniel Ricciardo";2.66;16;"Emilia Romagna";4;"Right"
9;"AlphaTauri";"Pierre Gasly";2.78;17;"Emilia Romagna";4;"Right"
10;"Williams";"Alexander Albon";2.85;17;"Emilia Romagna";4;"Right"
11;"Williams";"Nicholas Latifi";2.89;18;"Emilia Romagna";4;"Right"
12;"Austria";"Sergio Perez";3.08;18;"Emilia Romagna";4;"Right"
13;"AlphaTauri";"Yuki Tsunoda";3.17;18;"Emilia Romagna";4;"Right"
14;"Mercedes";"George Russell";3.56;18;"Emilia Romagna";4;"Right"
15;"McLaren";"Daniel Ricciardo";3.6;2;"Emilia Romagna";4;"Right"
16;"Haas";"Mick Schumacher";3.64;18;"Emilia Romagna";4;"Right"
17;"Alpine";"Esteban Ocon";3.7;18;"Emilia Romagna";4;"Right"
18;"Haas";"Mick Schumacher";3.71;52;"Emilia Romagna";4;"Right"
19;"Ferrari";"Charles Leclerc";3.73;19;"Emilia Romagna";4;"Right"
20;"Aston Martin";"Lance Stroll";4.67;18;"Emilia Romagna";4;"Right"
21;"Mercedes";"Lewis Hamilton";4.81;18;"Emilia Romagna";4;"Right"
22;"Haas";"Kevin Magnussen";4.93;18;"Emilia Romagna";4;"Right"
23;"Alfa Romeo";"Zhou Guanyu";5.29;18;"Emilia Romagna";4;"Right"
24;"Ferrari";"Charles Leclerc";8.88;53;"Emilia Romagna";4;"Right"
25;"Alfa Romeo";"Valtteri Bottas";11.84;18;"Emilia Romagna";4;"Right"
1;"Austria";"Sergio Perez";2.33;41;"Miami";5;"Right"
2;"Austria";"Sergio Perez";2.37;27;"Miami";5;"Right"
3;"Aston Martin";"Lance Stroll";2.45;40;"Miami";5;"Right"
4;"Austria";"Max Verstappen";2.49;26;"Miami";5;"Right"
5;"AlphaTauri";"Pierre Gasly";2.55;40;"Miami";5;"Right"
6;"McLaren";"Daniel Ricciardo";2.59;41;"Miami";5;"Right"
7;"Mercedes";"George Russell";2.64;40;"Miami";5;"Right"
8;"AlphaTauri";"Yuki Tsunoda";2.68;11;"Miami";5;"Right"
9;"Mercedes";"Lewis Hamilton";2.74;22;"Miami";5;"Right"
10;"McLaren";"Daniel Ricciardo";2.77;30;"Miami";5;"Right"
11;"Alpine";"Esteban Ocon";2.85;41;"Miami";5;"Right"
12;"Williams";"Nicholas Latifi";3.12;34;"Miami";5;"Right"
13;"Ferrari";"Charles Leclerc";3.27;24;"Miami";5;"Right"
14;"AlphaTauri";"Yuki Tsunoda";3.32;41;"Miami";5;"Right"
15;"Haas";"Kevin Magnussen";3.35;12;"Miami";5;"Right"
16;"AlphaTauri";"Pierre Gasly";3.35;16;"Miami";5;"Right"
17;"Alfa Romeo";"Valtteri Bottas";3.44;26;"Miami";5;"Right"
18;"Aston Martin";"Sebastian Vettel";3.48;41;"Miami";5;"Right"
19;"Williams";"Alexander Albon";3.53;16;"Miami";5;"Right"
20;"McLaren";"Lando Norris";3.6;18;"Miami";5;"Right"
21;"Haas";"Mick Schumacher";3.93;14;"Miami";5;"Right"
22;"Haas";"Kevin Magnussen";4.34;42;"Miami";5;"Right"
23;"Ferrari";"Carlos Sainz";5.47;27;"Miami";5;"Right"
24;"Alpine";"Fernando Alonso";5.77;15;"Miami";5;"Right"
25;"Haas";"Mick Schumacher";15.71;54;"Miami";5;"Right"
1;"Ferrari";"Charles Leclerc";2.23;21;"Belgium";6;"Right"
2;"Ferrari";"Carlos Sainz";2.37;31;"Belgium";6;"Right"
3;"Austria";"Max Verstappen";2.49;44;"Belgium";6;"Right"
4;"Austria";"Sergio Perez";2.5;53;"Belgium";6;"Right"
5;"Alpine";"Esteban Ocon";2.52;52;"Belgium";6;"Right"
6;"McLaren";"Lando Norris";2.55;12;"Belgium";6;"Right"
7;"McLaren";"Daniel Ricciardo";2.57;11;"Belgium";6;"Right"
8;"AlphaTauri";"Pierre Gasly";2.57;46;"Belgium";6;"Right"
9;"Alpine";"Fernando Alonso";2.58;31;"Belgium";6;"Right"
10;"Austria";"Max Verstappen";2.59;28;"Belgium";6;"Right"
11;"AlphaTauri";"Pierre Gasly";2.61;10;"Belgium";6;"Right"
12;"Austria";"Max Verstappen";2.62;13;"Belgium";6;"Right"
13;"Mercedes";"Lewis Hamilton";2.65;22;"Belgium";6;"Right"
14;"Alpine";"Esteban Ocon";2.66;13;"Belgium";6;"Right"
15;"Mercedes";"George Russell";2.68;36;"Belgium";6;"Right"
16;"McLaren";"Daniel Ricciardo";2.69;48;"Belgium";6;"Right"
17;"Mercedes";"George Russell";2.73;13;"Belgium";6;"Right"
18;"McLaren";"Lando Norris";2.76;51;"Belgium";6;"Right"
19;"Ferrari";"Carlos Sainz";2.78;10;"Belgium";6;"Right"
20;"Austria";"Sergio Perez";2.82;37;"Belgium";6;"Right"
21;"Austria";"Sergio Perez";2.83;17;"Belgium";6;"Right"
22;"Alfa Romeo";"Valtteri Bottas";2.87;34;"Belgium";6;"Right"
23;"Aston Martin";"Sebastian Vettel";2.89;42;"Belgium";6;"Right"
24;"Ferrari";"Carlos Sainz";2.92;45;"Belgium";6;"Right"
25;"McLaren";"Daniel Ricciardo";2.93;31;"Belgium";6;"Right"
26;"Alpine";"Fernando Alonso";3.0;10;"Belgium";6;"Right"
27;"Mercedes";"Lewis Hamilton";3.03;48;"Belgium";6;"Right"
28;"Aston Martin";"Sebastian Vettel";3.08;21;"Belgium";6;"Right"
29;"AlphaTauri";"Yuki Tsunoda";3.19;52;"Belgium";6;"Right"
30;"Williams";"Nicholas Latifi";3.23;50;"Belgium";6;"Right"
31;"Alfa Romeo";"Valtteri Bottas";3.28;14;"Belgium";6;"Right"
32;"Williams";"Nicholas Latifi";3.35;26;"Belgium";6;"Right"
33;"Williams";"Alexander Albon";3.4;54;"Belgium";6;"Right"
34;"Mercedes";"George Russell";3.44;51;"Belgium";6;"Right"
35;"Alfa Romeo";"Zhou Guanyu";3.49;10;"Belgium";6;"Right"
36;"Williams";"Alexander Albon";3.53;25;"Belgium";6;"Right"
37;"Alpine";"Esteban Ocon";3.55;35;"Belgium";6;"Right"
38;"Williams";"Nicholas Latifi";3.65;12;"Belgium";6;"Right"
39;"Aston Martin";"Lance Stroll";3.65;14;"Belgium";6;"Right"
40;"Aston Martin";"Lance Stroll";3.69;27;"Belgium";6;"Right"
41;"Williams";"Alexander Albon";3.73;45;"Belgium";6;"Right"
42;"Haas";"Mick Schumacher";3.77;30;"Belgium";6;"Right"
43;"Haas";"Mick Schumacher";3.86;12;"Belgium";6;"Right"
44;"AlphaTauri";"Yuki Tsunoda";3.93;32;"Belgium";6;"Right"
45;"McLaren";"Lando Norris";3.95;33;"Belgium";6;"Right"
46;"AlphaTauri";"Yuki Tsunoda";3.96;11;"Belgium";6;"Right"
47;"Haas";"Kevin Magnussen";4.1;29;"Belgium";6;"Right"
48;"Williams";"Alexander Albon";4.16;11;"Belgium";6;"Right"
49;"Aston Martin";"Lance Stroll";4.29;46;"Belgium";6;"Right"
50;"Alpine";"Fernando Alonso";5.99;53;"Belgium";6;"Right"
51;"AlphaTauri";"Pierre Gasly";8.56;29;"Belgium";6;"Right"
52;"Haas";"Kevin Magnussen";8.63;1;"Belgium";6;"Right"
53;"Mercedes";"Lewis Hamilton";10.42;1;"Belgium";6;"Right"
1;"Austria";"Sergio Perez";2.3;16;"Monaco";7;"Left"
2;"McLaren";"Lando Norris";2.38;17;"Monaco";7;"Left"
3;"Alpine";"Fernando Alonso";2.42;21;"Monaco";7;"Left"
4;"Aston Martin";"Sebastian Vettel";2.51;6;"Monaco";7;"Left"
5;"Ferrari";"Carlos Sainz";2.51;21;"Monaco";7;"Left"
6;"McLaren";"Lando Norris";2.53;22;"Monaco";7;"Left"
7;"Mercedes";"Lewis Hamilton";2.56;22;"Monaco";7;"Left"
8;"Austria";"Sergio Perez";2.6;22;"Monaco";7;"Left"
9;"AlphaTauri";"Yuki Tsunoda";2.66;6;"Monaco";7;"Left"
10;"Alpine";"Esteban Ocon";2.67;21;"Monaco";7;"Left"
11;"Ferrari";"Charles Leclerc";2.71;18;"Monaco";7;"Left"
12;"Aston Martin";"Sebastian Vettel";2.74;23;"Monaco";7;"Left"
13;"Mercedes";"Lewis Hamilton";2.77;15;"Monaco";7;"Left"
14;"McLaren";"Lando Norris";2.84;51;"Monaco";7;"Left"
15;"Aston Martin";"Lance Stroll";2.92;24;"Monaco";7;"Left"
16;"Mercedes";"George Russell";2.97;21;"Monaco";7;"Left"
17;"Ferrari";"Charles Leclerc";3.05;21;"Monaco";7;"Left"
18;"Alfa Romeo";"Zhou Guanyu";3.06;19;"Monaco";7;"Left"
19;"Aston Martin";"Lance Stroll";3.19;1;"Monaco";7;"Left"
20;"Austria";"Max Verstappen";3.24;22;"Monaco";7;"Left"
21;"Alfa Romeo";"Valtteri Bottas";3.31;20;"Monaco";7;"Left"
22;"AlphaTauri";"Yuki Tsunoda";3.39;56;"Monaco";7;"Left"
23;"McLaren";"Daniel Ricciardo";3.65;19;"Monaco";7;"Left"
24;"Williams";"Nicholas Latifi";3.88;19;"Monaco";7;"Left"
25;"AlphaTauri";"Yuki Tsunoda";3.95;21;"Monaco";7;"Left"
26;"Williams";"Alexander Albon";4.62;18;"Monaco";7;"Left"
27;"Austria";"Max Verstappen";4.89;18;"Monaco";7;"Left"
28;"Haas";"Mick Schumacher";5.49;4;"Monaco";7;"Left"
29;"AlphaTauri";"Pierre Gasly";6.49;22;"Monaco";7;"Left"
30;"Aston Martin";"Lance Stroll";7.91;2;"Monaco";7;"Left"
31;"Williams";"Alexander Albon";7.98;22;"Monaco";7;"Left"
32;"AlphaTauri";"Pierre Gasly";12.68;2;"Monaco";7;"Left"
33;"Williams";"Nicholas Latifi";13.26;2;"Monaco";7;"Left"
34;"Williams";"Nicholas Latifi";13.32;1;"Monaco";7;"Left"
35;"Haas";"Mick Schumacher";14.45;17;"Monaco";7;"Left"
1;"Alpine";"Fernando Alonso";2.74;18;"Azerbaijan";8;"Left"
2;"Austria";"Max Verstappen";2.77;33;"Azerbaijan";8;"Left"
3;"Mercedes";"George Russell";2.83;9;"Azerbaijan";8;"Left"
4;"Aston Martin";"Sebastian Vettel";2.86;9;"Azerbaijan";8;"Left"
5;"Mercedes";"George Russell";2.89;33;"Azerbaijan";8;"Left"
6;"Mercedes";"Lewis Hamilton";3.24;33;"Azerbaijan";8;"Left"
7;"Alfa Romeo";"Valtteri Bottas";3.28;33;"Azerbaijan";8;"Left"
8;"McLaren";"Daniel Ricciardo";3.51;33;"Azerbaijan";8;"Left"
9;"Haas";"Kevin Magnussen";3.53;9;"Azerbaijan";8;"Left"
10;"Austria";"Max Verstappen";3.59;18;"Azerbaijan";8;"Left"
11;"Williams";"Alexander Albon";3.6;29;"Azerbaijan";8;"Left"
12;"McLaren";"Lando Norris";3.61;20;"Azerbaijan";8;"Left"
13;"Mercedes";"Lewis Hamilton";3.69;9;"Azerbaijan";8;"Left"
14;"Williams";"Nicholas Latifi";3.85;17;"Azerbaijan";8;"Left"
15;"Haas";"Mick Schumacher";3.88;23;"Azerbaijan";8;"Left"
16;"Aston Martin";"Lance Stroll";3.89;30;"Azerbaijan";8;"Left"
17;"Austria";"Sergio Perez";4.46;33;"Azerbaijan";8;"Left"
18;"AlphaTauri";"Yuki Tsunoda";4.5;9;"Azerbaijan";8;"Left"
19;"Alpine";"Esteban Ocon";4.91;33;"Azerbaijan";8;"Left"
20;"AlphaTauri";"Pierre Gasly";5.0;9;"Azerbaijan";8;"Left"
21;"Ferrari";"Charles Leclerc";5.41;9;"Azerbaijan";8;"Left"
22;"Austria";"Sergio Perez";5.76;16;"Azerbaijan";8;"Left"
23;"Alfa Romeo";"Zhou Guanyu";5.9;9;"Azerbaijan";8;"Left"
24;"Williams";"Alexander Albon";7.9;9;"Azerbaijan";8;"Left"
25;"Haas";"Mick Schumacher";8.47;9;"Azerbaijan";8;"Left"
26;"AlphaTauri";"Yuki Tsunoda";21.41;38;"Azerbaijan";8;"Left"
1;"Williams";"Alexander Albon";2.38;48;"Canada";9;"Left"
2;"AlphaTauri";"Yuki Tsunoda";2.39;47;"Canada";9;"Left"
3;"AlphaTauri";"Yuki Tsunoda";2.42;9;"Canada";9;"Left"
4;"Aston Martin";"Sebastian Vettel";2.46;5;"Canada";9;"Left"
5;"Austria";"Max Verstappen";2.47;43;"Canada";9;"Left"
6;"Williams";"Nicholas Latifi";2.5;9;"Canada";9;"Left"
7;"AlphaTauri";"Pierre Gasly";2.51;5;"Canada";9;"Left"
8;"Aston Martin";"Sebastian Vettel";2.54;19;"Canada";9;"Left"
9;"Williams";"Alexander Albon";2.6;18;"Canada";9;"Left"
10;"AlphaTauri";"Pierre Gasly";2.65;36;"Canada";9;"Left"
11;"Mercedes";"George Russell";2.73;19;"Canada";9;"Left"
12;"Alpine";"Esteban Ocon";2.76;49;"Canada";9;"Left"
13;"Alpine";"Fernando Alonso";2.81;28;"Canada";9;"Left"
14;"Austria";"Max Verstappen";2.81;9;"Canada";9;"Left"
15;"Mercedes";"Lewis Hamilton";2.85;44;"Canada";9;"Left"
16;"Mercedes";"George Russell";3.09;45;"Canada";9;"Left"
17;"Mercedes";"Lewis Hamilton";3.14;9;"Canada";9;"Left"
18;"Ferrari";"Carlos Sainz";3.17;20;"Canada";9;"Left"
19;"Alfa Romeo";"Zhou Guanyu";3.21;19;"Canada";9;"Left"
20;"McLaren";"Lando Norris";3.39;19;"Canada";9;"Left"
21;"McLaren";"Daniel Ricciardo";3.55;49;"Canada";9;"Left"
22;"Alfa Romeo";"Zhou Guanyu";3.65;49;"Canada";9;"Left"
23;"Ferrari";"Carlos Sainz";3.74;49;"Canada";9;"Left"
24;"Alpine";"Fernando Alonso";3.81;49;"Canada";9;"Left"
25;"Aston Martin";"Lance Stroll";4.19;47;"Canada";9;"Left"
26;"Alfa Romeo";"Valtteri Bottas";4.47;49;"Canada";9;"Left"
27;"Alpine";"Esteban Ocon";4.84;19;"Canada";9;"Left"
28;"Ferrari";"Charles Leclerc";5.31;41;"Canada";9;"Left"
29;"McLaren";"Daniel Ricciardo";6.41;19;"Canada";9;"Left"
30;"Williams";"Nicholas Latifi";9.11;37;"Canada";9;"Left"
31;"Haas";"Kevin Magnussen";17.52;7;"Canada";9;"Left"
32;"McLaren";"Lando Norris";19.68;42;"Canada";9;"Left"
1;"Alpine";"Fernando Alonso";2.43;33;"Great Britain";10;"Right"
2;"Aston Martin";"Lance Stroll";2.45;15;"Great Britain";10;"Right"
3;"Ferrari";"Carlos Sainz";2.57;20;"Great Britain";10;"Right"
4;"Austria";"Max Verstappen";2.6;39;"Great Britain";10;"Right"
5;"McLaren";"Lando Norris";2.61;40;"Great Britain";10;"Right"
6;"Williams";"Nicholas Latifi";2.62;39;"Great Britain";10;"Right"
7;"Austria";"Sergio Perez";2.68;29;"Great Britain";10;"Right"
8;"Alpine";"Fernando Alonso";2.68;39;"Great Britain";10;"Right"
9;"Ferrari";"Carlos Sainz";2.7;39;"Great Britain";10;"Right"
10;"Ferrari";"Charles Leclerc";2.83;25;"Great Britain";10;"Right"
11;"McLaren";"Lando Norris";2.86;34;"Great Britain";10;"Right"
12;"Williams";"Nicholas Latifi";2.97;19;"Great Britain";10;"Right"
13;"Austria";"Max Verstappen";3.14;12;"Great Britain";10;"Right"
14;"McLaren";"Daniel Ricciardo";3.17;38;"Great Britain";10;"Right"
15;"Mercedes";"Lewis Hamilton";3.18;39;"Great Britain";10;"Right"
16;"Austria";"Max Verstappen";3.18;23;"Great Britain";10;"Right"
17;"Haas";"Mick Schumacher";3.33;19;"Great Britain";10;"Right"
18;"AlphaTauri";"Pierre Gasly";3.4;16;"Great Britain";10;"Right"
19;"Aston Martin";"Lance Stroll";3.41;40;"Great Britain";10;"Right"
20;"Aston Martin";"Sebastian Vettel";3.5;39;"Great Britain";10;"Right"
21;"Haas";"Kevin Magnussen";3.6;22;"Great Britain";10;"Right"
22;"AlphaTauri";"Yuki Tsunoda";3.62;38;"Great Britain";10;"Right"
23;"Aston Martin";"Sebastian Vettel";4.09;6;"Great Britain";10;"Right"
24;"McLaren";"Daniel Ricciardo";4.18;20;"Great Britain";10;"Right"
25;"Alpine";"Esteban Ocon";4.24;22;"Great Britain";10;"Right"
26;"Mercedes";"Lewis Hamilton";4.37;33;"Great Britain";10;"Right"
27;"McLaren";"Daniel Ricciardo";4.45;32;"Great Britain";10;"Right"
28;"Haas";"Mick Schumacher";4.82;39;"Great Britain";10;"Right"
29;"AlphaTauri";"Yuki Tsunoda";8.58;18;"Great Britain";10;"Right"
30;"Austria";"Sergio Perez";11.57;5;"Great Britain";10;"Right"
1;"McLaren";"Daniel Ricciardo";2.25;12;"Austria";11;"Right"
2;"Austria";"Max Verstappen";2.33;58;"Austria";11;"Right"
3;"Williams";"Nicholas Latifi";2.38;35;"Austria";11;"Right"
4;"Ferrari";"Carlos Sainz";2.39;27;"Austria";11;"Right"
5;"Ferrari";"Charles Leclerc";2.41;49;"Austria";11;"Right"
6;"Aston Martin";"Lance Stroll";2.42;29;"Austria";11;"Right"
7;"Austria";"Max Verstappen";2.46;36;"Austria";11;"Right"
8;"Ferrari";"Charles Leclerc";2.59;58;"Austria";11;"Right"
9;"Ferrari";"Charles Leclerc";2.61;26;"Austria";11;"Right"
10;"AlphaTauri";"Yuki Tsunoda";2.63;26;"Austria";11;"Right"
11;"Alpine";"Esteban Ocon";2.64;16;"Austria";11;"Right"
12;"Ferrari";"Carlos Sainz";2.67;50;"Austria";11;"Right"
13;"AlphaTauri";"Yuki Tsunoda";2.72;46;"Austria";11;"Right"
14;"Alpine";"Fernando Alonso";2.73;27;"Austria";11;"Right"
15;"Mercedes";"George Russell";2.79;40;"Austria";11;"Right"
16;"McLaren";"Daniel Ricciardo";2.8;44;"Austria";11;"Right"
17;"Alfa Romeo";"Valtteri Bottas";2.83;39;"Austria";11;"Right"
18;"Aston Martin";"Sebastian Vettel";2.85;44;"Austria";11;"Right"
19;"Williams";"Nicholas Latifi";2.88;12;"Austria";11;"Right"
20;"Aston Martin";"Lance Stroll";2.91;48;"Austria";11;"Right"
21;"Haas";"Mick Schumacher";3.14;16;"Austria";11;"Right"
22;"Aston Martin";"Sebastian Vettel";3.19;20;"Austria";11;"Right"
23;"Williams";"Alexander Albon";3.19;41;"Austria";11;"Right"
24;"Haas";"Kevin Magnussen";3.25;41;"Austria";11;"Right"
25;"Austria";"Max Verstappen";3.26;13;"Austria";11;"Right"
26;"Haas";"Kevin Magnussen";3.27;15;"Austria";11;"Right"
27;"Alpine";"Esteban Ocon";3.27;44;"Austria";11;"Right"
28;"Alpine";"Fernando Alonso";3.3;57;"Austria";11;"Right"
29;"Williams";"Alexander Albon";3.4;11;"Austria";11;"Right"
30;"Alfa Romeo";"Zhou Guanyu";3.48;24;"Austria";11;"Right"
31;"AlphaTauri";"Pierre Gasly";3.7;12;"Austria";11;"Right"
32;"McLaren";"Lando Norris";3.73;14;"Austria";11;"Right"
33;"Mercedes";"Lewis Hamilton";3.88;51;"Austria";11;"Right"
34;"Haas";"Mick Schumacher";3.97;43;"Austria";11;"Right"
35;"Mercedes";"Lewis Hamilton";4.17;28;"Austria";11;"Right"
36;"Austria";"Sergio Perez";4.28;1;"Austria";11;"Right"
37;"Alpine";"Fernando Alonso";4.62;58;"Austria";11;"Right"
38;"Alfa Romeo";"Valtteri Bottas";5.77;6;"Austria";11;"Right"
39;"McLaren";"Lando Norris";8.35;43;"Austria";11;"Right"
40;"AlphaTauri";"Pierre Gasly";8.63;40;"Austria";11;"Right"
41;"Alfa Romeo";"Zhou Guanyu";9.66;46;"Austria";11;"Right"
42;"Mercedes";"George Russell";19.23;11;"Austria";11;"Right"
1;"Austria";"Max Verstappen";2.44;16;"France";12;"Right"
2;"AlphaTauri";"Pierre Gasly";2.53;18;"France";12;"Right"
3;"McLaren";"Daniel Ricciardo";2.75;18;"France";12;"Right"
4;"Alpine";"Fernando Alonso";2.9;18;"France";12;"Right"
5;"Williams";"Alexander Albon";3.0;18;"France";12;"Right"
6;"Alfa Romeo";"Valtteri Bottas";3.08;36;"France";12;"Right"
7;"Alfa Romeo";"Valtteri Bottas";3.1;18;"France";12;"Right"
8;"Alfa Romeo";"Zhou Guanyu";3.13;9;"France";12;"Right"
9;"Haas";"Kevin Magnussen";3.18;18;"France";12;"Right"
10;"Haas";"Mick Schumacher";3.48;9;"France";12;"Right"
11;"Aston Martin";"Sebastian Vettel";3.58;19;"France";12;"Right"
12;"Williams";"Nicholas Latifi";3.58;38;"France";12;"Right"
13;"Williams";"Nicholas Latifi";3.7;19;"France";12;"Right"
14;"McLaren";"Lando Norris";3.72;18;"France";12;"Right"
15;"Mercedes";"Lewis Hamilton";3.83;18;"France";12;"Right"
16;"Haas";"Mick Schumacher";3.96;18;"France";12;"Right"
17;"Mercedes";"George Russell";4.15;18;"France";12;"Right"
18;"AlphaTauri";"Yuki Tsunoda";4.2;11;"France";12;"Right"
19;"Haas";"Kevin Magnussen";4.32;8;"France";12;"Right"
20;"Austria";"Sergio Perez";5.29;18;"France";12;"Right"
21;"Aston Martin";"Lance Stroll";6.48;18;"France";12;"Right"
22;"Ferrari";"Carlos Sainz";8.38;18;"France";12;"Right"
23;"Ferrari";"Carlos Sainz";9.38;42;"France";12;"Right"
24;"Alpine";"Esteban Ocon";11.1;18;"France";12;"Right"
25;"Alfa Romeo";"Zhou Guanyu";16.28;22;"France";12;"Right"
1;"Austria";"Sergio Perez";2.19;42;"Hungary";13;"Right"
2;"McLaren";"Daniel Ricciardo";2.26;15;"Hungary";13;"Right"
3;"McLaren";"Daniel Ricciardo";2.29;46;"Hungary";13;"Right"
4;"Austria";"Max Verstappen";2.33;16;"Hungary";13;"Right"
5;"Austria";"Sergio Perez";2.33;18;"Hungary";13;"Right"
6;"Austria";"Max Verstappen";2.41;38;"Hungary";13;"Right"
7;"Aston Martin";"Lance Stroll";2.51;46;"Hungary";13;"Right"
8;"Williams";"Nicholas Latifi";2.58;18;"Hungary";13;"Right"
9;"Williams";"Alexander Albon";2.61;21;"Hungary";13;"Right"
10;"Ferrari";"Charles Leclerc";2.63;54;"Hungary";13;"Right"
11;"Aston Martin";"Sebastian Vettel";2.64;15;"Hungary";13;"Right"
12;"AlphaTauri";"Pierre Gasly";2.65;46;"Hungary";13;"Right"
13;"AlphaTauri";"Yuki Tsunoda";2.73;13;"Hungary";13;"Right"
14;"Aston Martin";"Lance Stroll";2.73;14;"Hungary";13;"Right"
15;"Mercedes";"George Russell";2.73;39;"Hungary";13;"Right"
16;"AlphaTauri";"Pierre Gasly";2.74;17;"Hungary";13;"Right"
17;"McLaren";"Lando Norris";2.77;42;"Hungary";13;"Right"
18;"Mercedes";"Lewis Hamilton";2.82;19;"Hungary";13;"Right"
19;"Alpine";"Fernando Alonso";2.89;21;"Hungary";13;"Right"
20;"Ferrari";"Charles Leclerc";2.94;21;"Hungary";13;"Right"
21;"Ferrari";"Charles Leclerc";3.03;39;"Hungary";13;"Right"
22;"Alfa Romeo";"Valtteri Bottas";3.15;26;"Hungary";13;"Right"
23;"AlphaTauri";"Yuki Tsunoda";3.2;33;"Hungary";13;"Right"
24;"Alfa Romeo";"Zhou Guanyu";3.21;27;"Hungary";13;"Right"
25;"AlphaTauri";"Yuki Tsunoda";3.31;51;"Hungary";13;"Right"
26;"Mercedes";"Lewis Hamilton";3.34;51;"Hungary";13;"Right"
27;"Haas";"Mick Schumacher";3.36;41;"Hungary";13;"Right"
28;"Williams";"Nicholas Latifi";3.46;39;"Hungary";13;"Right"
29;"Haas";"Mick Schumacher";3.7;21;"Hungary";13;"Right"
30;"Mercedes";"George Russell";3.75;16;"Hungary";13;"Right"
31;"Haas";"Kevin Magnussen";3.78;67;"Hungary";13;"Right"
32;"Ferrari";"Carlos Sainz";3.79;16;"Hungary";13;"Right"
33;"Haas";"Kevin Magnussen";4.11;35;"Hungary";13;"Right"
34;"McLaren";"Lando Norris";4.5;14;"Hungary";13;"Right"
35;"Ferrari";"Carlos Sainz";4.61;47;"Hungary";13;"Right"
36;"Alpine";"Esteban Ocon";4.69;23;"Hungary";13;"Right"
37;"Williams";"Alexander Albon";5.31;40;"Hungary";13;"Right"
38;"Aston Martin";"Sebastian Vettel";5.84;46;"Hungary";13;"Right"
39;"Alfa Romeo";"Zhou Guanyu";9.28;51;"Hungary";13;"Right"
40;"Williams";"Nicholas Latifi";9.9;56;"Hungary";13;"Right"
41;"Haas";"Kevin Magnussen";10.79;6;"Hungary";13;"Right"
42;"Williams";"Alexander Albon";11.79;2;"Hungary";13;"Right"
1;"Alpine";"Fernando Alonso";2.22;11;"Belgium";14;"Right"
2;"Austria";"Sergio Perez";2.29;14;"Belgium";14;"Right"
3;"McLaren";"Daniel Ricciardo";2.32;12;"Belgium";14;"Right"
4;"Austria";"Max Verstappen";2.32;30;"Belgium";14;"Right"
5;"Ferrari";"Carlos Sainz";2.42;11;"Belgium";14;"Right"
6;"AlphaTauri";"Pierre Gasly";2.44;22;"Belgium";14;"Right"
7;"Austria";"Sergio Perez";2.45;27;"Belgium";14;"Right"
8;"Ferrari";"Carlos Sainz";2.46;25;"Belgium";14;"Right"
9;"McLaren";"Lando Norris";2.52;13;"Belgium";14;"Right"
10;"Mercedes";"George Russell";2.57;29;"Belgium";14;"Right"
11;"McLaren";"Daniel Ricciardo";2.59;32;"Belgium";14;"Right"
12;"Mercedes";"George Russell";2.6;13;"Belgium";14;"Right"
13;"AlphaTauri";"Pierre Gasly";2.63;10;"Belgium";14;"Right"
14;"Aston Martin";"Sebastian Vettel";2.71;33;"Belgium";14;"Right"
15;"Aston Martin";"Lance Stroll";2.77;26;"Belgium";14;"Right"
16;"Ferrari";"Charles Leclerc";2.77;42;"Belgium";14;"Right"
17;"Williams";"Alexander Albon";2.78;10;"Belgium";14;"Right"
18;"Aston Martin";"Sebastian Vettel";2.84;14;"Belgium";14;"Right"
19;"Austria";"Max Verstappen";2.89;15;"Belgium";14;"Right"
20;"Aston Martin";"Lance Stroll";2.93;15;"Belgium";14;"Right"
21;"Haas";"Kevin Magnussen";3.01;27;"Belgium";14;"Right"
22;"Ferrari";"Charles Leclerc";3.06;25;"Belgium";14;"Right"
23;"Alpine";"Esteban Ocon";3.09;12;"Belgium";14;"Right"
24;"Alfa Romeo";"Zhou Guanyu";3.1;28;"Belgium";14;"Right"
25;"McLaren";"Lando Norris";3.21;29;"Belgium";14;"Right"
26;"Alpine";"Esteban Ocon";3.33;32;"Belgium";14;"Right"
27;"Alfa Romeo";"Zhou Guanyu";3.37;14;"Belgium";14;"Right"
28;"Williams";"Nicholas Latifi";3.38;34;"Belgium";14;"Right"
29;"Haas";"Mick Schumacher";3.62;14;"Belgium";14;"Right"
30;"Alpine";"Fernando Alonso";3.66;25;"Belgium";14;"Right"
31;"Williams";"Alexander Albon";3.69;26;"Belgium";14;"Right"
32;"Ferrari";"Charles Leclerc";3.88;3;"Belgium";14;"Right"
33;"Williams";"Nicholas Latifi";3.99;15;"Belgium";14;"Right"
34;"AlphaTauri";"Yuki Tsunoda";4.06;30;"Belgium";14;"Right"
35;"Haas";"Mick Schumacher";4.41;30;"Belgium";14;"Right"
36;"Haas";"Kevin Magnussen";6.2;11;"Belgium";14;"Right"
37;"AlphaTauri";"Yuki Tsunoda";9.78;18;"Belgium";14;"Right"
38;"Williams";"Nicholas Latifi";15.22;3;"Belgium";14;"Right"
1;"Austria";"Sergio Perez";2.09;14;"Netherlands";15;"Right"
2;"Austria";"Sergio Perez";2.32;40;"Netherlands";15;"Right"
3;"AlphaTauri";"Pierre Gasly";2.34;32;"Netherlands";15;"Right"
4;"Aston Martin";"Lance Stroll";2.37;56;"Netherlands";15;"Right"
5;"AlphaTauri";"Pierre Gasly";2.38;56;"Netherlands";15;"Right"
6;"McLaren";"Lando Norris";2.43;17;"Netherlands";15;"Right"
7;"McLaren";"Daniel Ricciardo";2.44;27;"Netherlands";15;"Right"
8;"AlphaTauri";"Pierre Gasly";2.49;11;"Netherlands";15;"Right"
9;"Ferrari";"Charles Leclerc";2.5;17;"Netherlands";15;"Right"
10;"Ferrari";"Charles Leclerc";2.51;45;"Netherlands";15;"Right"
11;"Mercedes";"Lewis Hamilton";2.6;29;"Netherlands";15;"Right"
12;"Aston Martin";"Sebastian Vettel";2.61;35;"Netherlands";15;"Right"
13;"McLaren";"Daniel Ricciardo";2.62;11;"Netherlands";15;"Right"
14;"AlphaTauri";"Yuki Tsunoda";2.64;13;"Netherlands";15;"Right"
15;"Aston Martin";"Sebastian Vettel";2.67;48;"Netherlands";15;"Right"
16;"Austria";"Sergio Perez";2.74;56;"Netherlands";15;"Right"
17;"Williams";"Alexander Albon";2.75;21;"Netherlands";15;"Right"
18;"Ferrari";"Charles Leclerc";2.77;56;"Netherlands";15;"Right"
19;"Mercedes";"Lewis Hamilton";2.8;48;"Netherlands";15;"Right"
20;"Alfa Romeo";"Zhou Guanyu";2.83;12;"Netherlands";15;"Right"
21;"Mercedes";"George Russell";2.84;31;"Netherlands";15;"Right"
22;"Austria";"Max Verstappen";2.86;48;"Netherlands";15;"Right"
23;"Ferrari";"Carlos Sainz";2.96;57;"Netherlands";15;"Right"
24;"McLaren";"Daniel Ricciardo";2.98;47;"Netherlands";15;"Right"
25;"Alfa Romeo";"Zhou Guanyu";3.01;55;"Netherlands";15;"Right"
26;"Alpine";"Fernando Alonso";3.04;12;"Netherlands";15;"Right"
27;"Alpine";"Esteban Ocon";3.04;18;"Netherlands";15;"Right"
28;"Austria";"Max Verstappen";3.07;56;"Netherlands";15;"Right"
29;"Ferrari";"Carlos Sainz";3.07;43;"Netherlands";15;"Right"
30;"Williams";"Alexander Albon";3.07;42;"Netherlands";15;"Right"
31;"AlphaTauri";"Yuki Tsunoda";3.12;42;"Netherlands";15;"Right"
32;"Alfa Romeo";"Valtteri Bottas";3.16;16;"Netherlands";15;"Right"
33;"McLaren";"Lando Norris";3.3;57;"Netherlands";15;"Right"
34;"McLaren";"Daniel Ricciardo";3.31;55;"Netherlands";15;"Right"
35;"Austria";"Max Verstappen";3.43;18;"Netherlands";15;"Right"
36;"Aston Martin";"Lance Stroll";3.46;38;"Netherlands";15;"Right"
37;"Williams";"Nicholas Latifi";3.46;54;"Netherlands";15;"Right"
38;"Aston Martin";"Lance Stroll";3.5;16;"Netherlands";15;"Right"
39;"Alfa Romeo";"Valtteri Bottas";3.54;34;"Netherlands";15;"Right"
40;"Williams";"Nicholas Latifi";3.66;13;"Netherlands";15;"Right"
41;"Haas";"Mick Schumacher";3.77;47;"Netherlands";15;"Right"
42;"Mercedes";"George Russell";3.82;48;"Netherlands";15;"Right"
43;"Mercedes";"George Russell";3.86;57;"Netherlands";15;"Right"
44;"Williams";"Alexander Albon";3.87;55;"Netherlands";15;"Right"
45;"Williams";"Nicholas Latifi";4.06;26;"Netherlands";15;"Right"
46;"Haas";"Kevin Magnussen";4.29;14;"Netherlands";15;"Right"
47;"McLaren";"Lando Norris";4.35;47;"Netherlands";15;"Right"
48;"Haas";"Kevin Magnussen";4.39;47;"Netherlands";15;"Right"
49;"Alpine";"Fernando Alonso";4.85;47;"Netherlands";15;"Right"
50;"Haas";"Mick Schumacher";4.91;33;"Netherlands";15;"Right"
51;"Alpine";"Esteban Ocon";5.31;56;"Netherlands";15;"Right"
52;"Aston Martin";"Sebastian Vettel";6.17;9;"Netherlands";15;"Right"
53;"Haas";"Kevin Magnussen";7.24;34;"Netherlands";15;"Right"
54;"Alfa Romeo";"Zhou Guanyu";8.41;37;"Netherlands";15;"Right"
55;"Haas";"Mick Schumacher";10.03;13;"Netherlands";15;"Right"
56;"Ferrari";"Carlos Sainz";12.79;14;"Netherlands";15;"Right"
57;"AlphaTauri";"Yuki Tsunoda";31.94;43;"Netherlands";15;"Right"
1;"Austria";"Sergio Perez";2.1;42;"Italy";16;"Right"
2;"Austria";"Sergio Perez";2.17;7;"Italy";16;"Right"
3;"Ferrari";"Charles Leclerc";2.21;12;"Italy";16;"Right"
4;"Ferrari";"Charles Leclerc";2.37;48;"Italy";16;"Right"
5;"Ferrari";"Carlos Sainz";2.39;30;"Italy";16;"Right"
6;"Austria";"Max Verstappen";2.48;25;"Italy";16;"Right"
7;"AlphaTauri";"Yuki Tsunoda";2.62;19;"Italy";16;"Right"
8;"Aston Martin";"Lance Stroll";2.65;18;"Italy";16;"Right"
9;"Ferrari";"Charles Leclerc";2.66;33;"Italy";16;"Right"
10;"Mercedes";"George Russell";2.7;47;"Italy";16;"Right"
11;"AlphaTauri";"Yuki Tsunoda";2.7;47;"Italy";16;"Right"
12;"Austria";"Max Verstappen";2.79;48;"Italy";16;"Right"
13;"Williams";"Nicholas Latifi";2.82;47;"Italy";16;"Right"
14;"Alpine";"Esteban Ocon";2.87;19;"Italy";16;"Right"
15;"McLaren";"Lando Norris";3.04;47;"Italy";16;"Right"
16;"Mercedes";"Lewis Hamilton";3.07;33;"Italy";16;"Right"
17;"Williams";"de Vries";3.1;19;"Italy";16;"Right"
18;"Ferrari";"Carlos Sainz";3.12;47;"Italy";16;"Right"
19;"Haas";"Mick Schumacher";3.28;33;"Italy";16;"Right"
20;"Haas";"Kevin Magnussen";3.29;46;"Italy";16;"Right"
21;"McLaren";"Daniel Ricciardo";3.4;19;"Italy";16;"Right"
22;"Alfa Romeo";"Valtteri Bottas";3.51;35;"Italy";16;"Right"
23;"Mercedes";"George Russell";3.61;23;"Italy";16;"Right"
24;"Alfa Romeo";"Zhou Guanyu";3.64;18;"Italy";16;"Right"
25;"AlphaTauri";"Pierre Gasly";3.69;18;"Italy";16;"Right"
26;"McLaren";"Lando Norris";5.13;35;"Italy";16;"Right"
27;"Williams";"Nicholas Latifi";5.21;15;"Italy";16;"Right"
28;"Haas";"Kevin Magnussen";8.42;24;"Italy";16;"Right"
1;"Austria";"Max Verstappen";2.46;35;"Singapore";17;"Left"
2;"Mercedes";"George Russell";2.49;35;"Singapore";17;"Left"
3;"Mercedes";"George Russell";2.5;51;"Singapore";17;"Left"
4;"Aston Martin";"Lance Stroll";2.56;35;"Singapore";17;"Left"
5;"Aston Martin";"Sebastian Vettel";2.65;34;"Singapore";17;"Left"
6;"Austria";"Sergio Perez";2.8;35;"Singapore";17;"Left"
7;"AlphaTauri";"Pierre Gasly";2.85;33;"Singapore";17;"Left"
8;"Austria";"Max Verstappen";3.0;40;"Singapore";17;"Left"
9;"McLaren";"Daniel Ricciardo";3.11;36;"Singapore";17;"Left"
10;"Mercedes";"George Russell";3.17;21;"Singapore";17;"Left"
11;"McLaren";"Lando Norris";3.3;36;"Singapore";17;"Left"
12;"Haas";"Mick Schumacher";3.39;34;"Singapore";17;"Left"
13;"Ferrari";"Carlos Sainz";3.57;35;"Singapore";17;"Left"
14;"AlphaTauri";"Yuki Tsunoda";3.93;33;"Singapore";17;"Left"
15;"Haas";"Kevin Magnussen";4.98;33;"Singapore";17;"Left"
16;"Alfa Romeo";"Valtteri Bottas";5.1;33;"Singapore";17;"Left"
17;"Ferrari";"Charles Leclerc";5.31;34;"Singapore";17;"Left"
18;"Mercedes";"George Russell";5.47;41;"Singapore";17;"Left"
19;"Haas";"Mick Schumacher";5.8;41;"Singapore";17;"Left"
20;"Haas";"Kevin Magnussen";11.44;7;"Singapore";17;"Left"
21;"Mercedes";"Lewis Hamilton";13.89;34;"Singapore";17;"Left"
1;"AlphaTauri";"Pierre Gasly";2.45;19;"Japan";18;"Right"
2;"Aston Martin";"Lance Stroll";2.46;19;"Japan";18;"Right"
3;"Aston Martin";"Lance Stroll";2.48;7;"Japan";18;"Right"
4;"AlphaTauri";"Yuki Tsunoda";2.52;20;"Japan";18;"Right"
5;"Alpine";"Fernando Alonso";2.55;8;"Japan";18;"Right"
6;"Austria";"Max Verstappen";2.75;7;"Japan";18;"Right"
7;"AlphaTauri";"Yuki Tsunoda";2.78;7;"Japan";18;"Right"
8;"Alpine";"Fernando Alonso";2.94;22;"Japan";18;"Right"
9;"Alpine";"Esteban Ocon";2.98;7;"Japan";18;"Right"
10;"Austria";"Sergio Perez";3.18;7;"Japan";18;"Right"
11;"McLaren";"Daniel Ricciardo";3.23;8;"Japan";18;"Right"
12;"Haas";"Mick Schumacher";3.25;11;"Japan";18;"Right"
13;"Williams";"Nicholas Latifi";3.26;5;"Japan";18;"Right"
14;"Alfa Romeo";"Zhou Guanyu";3.35;18;"Japan";18;"Right"
15;"Alfa Romeo";"Zhou Guanyu";3.37;9;"Japan";18;"Right"
16;"AlphaTauri";"Pierre Gasly";3.39;7;"Japan";18;"Right"
17;"Haas";"Kevin Magnussen";3.43;7;"Japan";18;"Right"
18;"Alfa Romeo";"Valtteri Bottas";3.5;6;"Japan";18;"Right"
19;"McLaren";"Lando Norris";3.59;6;"Japan";18;"Right"
20;"Aston Martin";"Sebastian Vettel";3.63;5;"Japan";18;"Right"
21;"Ferrari";"Charles Leclerc";3.86;7;"Japan";18;"Right"
22;"Mercedes";"Lewis Hamilton";3.87;7;"Japan";18;"Right"
23;"Mercedes";"George Russell";4.23;7;"Japan";18;"Right"
24;"AlphaTauri";"Pierre Gasly";18.7;1;"Japan";18;"Right"
1;"Austria";"Sergio Perez";2.13;14;"United States";19;"Left"
2;"AlphaTauri";"Yuki Tsunoda";2.14;33;"United States";19;"Left"
3;"McLaren";"Lando Norris";2.24;34;"United States";19;"Left"
4;"AlphaTauri";"Pierre Gasly";2.26;11;"United States";19;"Left"
5;"AlphaTauri";"Yuki Tsunoda";2.44;10;"United States";19;"Left"
6;"Alpine";"Fernando Alonso";2.45;18;"United States";19;"Left"
7;"McLaren";"Lando Norris";2.46;14;"United States";19;"Left"
8;"Austria";"Max Verstappen";2.63;13;"United States";19;"Left"
9;"Williams";"Nicholas Latifi";2.64;18;"United States";19;"Left"
10;"Mercedes";"George Russell";2.65;54;"United States";19;"Left"
11;"Aston Martin";"Sebastian Vettel";2.69;18;"United States";19;"Left"
12;"McLaren";"Daniel Ricciardo";2.7;35;"United States";19;"Left"
13;"Mercedes";"Lewis Hamilton";2.72;34;"United States";19;"Left"
14;"Ferrari";"Charles Leclerc";2.88;35;"United States";19;"Left"
15;"Mercedes";"Lewis Hamilton";2.96;12;"United States";19;"Left"
16;"Williams";"Alexander Albon";3.1;18;"United States";19;"Left"
17;"Alpine";"Esteban Ocon";3.15;18;"United States";19;"Left"
18;"Mercedes";"George Russell";3.26;36;"United States";19;"Left"
19;"Haas";"Mick Schumacher";3.27;33;"United States";19;"Left"
20;"Alpine";"Esteban Ocon";3.31;45;"United States";19;"Left"
21;"Alfa Romeo";"Valtteri Bottas";3.35;10;"United States";19;"Left"
22;"Williams";"Alexander Albon";3.36;9;"United States";19;"Left"
23;"Alfa Romeo";"Zhou Guanyu";3.4;23;"United States";19;"Left"
24;"Ferrari";"Charles Leclerc";3.54;18;"United States";19;"Left"
25;"Haas";"Mick Schumacher";3.81;18;"United States";19;"Left"
26;"Austria";"Sergio Perez";3.82;38;"United States";19;"Left"
27;"Aston Martin";"Lance Stroll";3.83;15;"United States";19;"Left"
28;"Williams";"Nicholas Latifi";3.91;5;"United States";19;"Left"
29;"McLaren";"Daniel Ricciardo";4.49;10;"United States";19;"Left"
30;"Haas";"Kevin Magnussen";5.1;18;"United States";19;"Left"
31;"Alfa Romeo";"Zhou Guanyu";5.61;9;"United States";19;"Left"
32;"AlphaTauri";"Pierre Gasly";7.71;32;"United States";19;"Left"
33;"Mercedes";"George Russell";8.48;13;"United States";19;"Left"
34;"Austria";"Max Verstappen";11.13;35;"United States";19;"Left"
35;"Alpine";"Fernando Alonso";15.97;22;"United States";19;"Left"
36;"Aston Martin";"Sebastian Vettel";16.81;41;"United States";19;"Left"
1;"McLaren";"Daniel Ricciardo";1.98;44;"Mexico";20;"Right"
2;"McLaren";"Lando Norris";2.29;31;"Mexico";20;"Right"
3;"Ferrari";"Charles Leclerc";2.34;28;"Mexico";20;"Right"
4;"Alpine";"Esteban Ocon";2.35;33;"Mexico";20;"Right"
5;"Williams";"Alexander Albon";2.52;38;"Mexico";20;"Right"
6;"Austria";"Max Verstappen";2.58;25;"Mexico";20;"Right"
7;"AlphaTauri";"Yuki Tsunoda";2.6;29;"Mexico";20;"Right"
8;"Aston Martin";"Sebastian Vettel";2.74;38;"Mexico";20;"Right"
9;"Mercedes";"George Russell";2.77;34;"Mexico";20;"Right"
10;"Aston Martin";"Lance Stroll";2.98;40;"Mexico";20;"Right"
11;"Alpine";"Fernando Alonso";3.03;40;"Mexico";20;"Right"
12;"Aston Martin";"Lance Stroll";3.15;17;"Mexico";20;"Right"
13;"Mercedes";"George Russell";3.23;69;"Mexico";20;"Right"
14;"Mercedes";"Lewis Hamilton";3.33;29;"Mexico";20;"Right"
15;"Haas";"Kevin Magnussen";3.36;38;"Mexico";20;"Right"
16;"Haas";"Mick Schumacher";3.41;24;"Mexico";20;"Right"
17;"Ferrari";"Carlos Sainz";3.53;29;"Mexico";20;"Right"
18;"Alfa Romeo";"Valtteri Bottas";3.54;39;"Mexico";20;"Right"
19;"Williams";"Nicholas Latifi";3.59;23;"Mexico";20;"Right"
20;"Williams";"Nicholas Latifi";3.94;52;"Mexico";20;"Right"
21;"Alfa Romeo";"Zhou Guanyu";4.51;45;"Mexico";20;"Right"
22;"Austria";"Sergio Perez";5.03;23;"Mexico";20;"Right"
23;"AlphaTauri";"Pierre Gasly";9.39;40;"Mexico";20;"Right"
1;"Austria";"Sergio Perez";2.04;23;"Brazil";21;"Left"
2;"AlphaTauri";"Yuki Tsunoda";2.1;54;"Brazil";21;"Left"
3;"AlphaTauri";"Yuki Tsunoda";2.13;40;"Brazil";21;"Left"
4;"AlphaTauri";"Pierre Gasly";2.17;52;"Brazil";21;"Left"
5;"Ferrari";"Carlos Sainz";2.18;36;"Brazil";21;"Left"
6;"Ferrari";"Charles Leclerc";2.23;21;"Brazil";21;"Left"
7;"Ferrari";"Charles Leclerc";2.23;44;"Brazil";21;"Left"
8;"AlphaTauri";"Pierre Gasly";2.31;35;"Brazil";21;"Left"
9;"Ferrari";"Carlos Sainz";2.38;53;"Brazil";21;"Left"
10;"Austria";"Sergio Perez";2.38;47;"Brazil";21;"Left"
11;"Williams";"Nicholas Latifi";2.46;52;"Brazil";21;"Left"
12;"AlphaTauri";"Pierre Gasly";2.46;19;"Brazil";21;"Left"
13;"Aston Martin";"Lance Stroll";2.48;29;"Brazil";21;"Left"
14;"Williams";"Alexander Albon";2.48;47;"Brazil";21;"Left"
15;"Alpine";"Esteban Ocon";2.49;24;"Brazil";21;"Left"
16;"AlphaTauri";"Yuki Tsunoda";2.5;20;"Brazil";21;"Left"
17;"Williams";"Alexander Albon";2.51;25;"Brazil";21;"Left"
18;"Alpine";"Fernando Alonso";2.58;14;"Brazil";21;"Left"
19;"Aston Martin";"Lance Stroll";2.62;48;"Brazil";21;"Left"
20;"Mercedes";"Lewis Hamilton";2.73;48;"Brazil";21;"Left"
21;"Alpine";"Fernando Alonso";2.74;52;"Brazil";21;"Left"
22;"Mercedes";"George Russell";2.83;49;"Brazil";21;"Left"
23;"Alfa Romeo";"Valtteri Bottas";3.0;24;"Brazil";21;"Left"
24;"Mercedes";"George Russell";3.05;24;"Brazil";21;"Left"
25;"Alfa Romeo";"Zhou Guanyu";3.08;16;"Brazil";21;"Left"
26;"Austria";"Max Verstappen";3.16;48;"Brazil";21;"Left"
27;"Aston Martin";"Sebastian Vettel";3.17;45;"Brazil";21;"Left"
28;"Haas";"Mick Schumacher";3.24;24;"Brazil";21;"Left"
29;"Aston Martin";"Sebastian Vettel";3.3;26;"Brazil";21;"Left"
30;"Mercedes";"Lewis Hamilton";3.31;29;"Brazil";21;"Left"
31;"McLaren";"Lando Norris";3.33;45;"Brazil";21;"Left"
32;"Williams";"Alexander Albon";3.34;4;"Brazil";21;"Left"
33;"Alpine";"Esteban Ocon";3.38;47;"Brazil";21;"Left"
34;"Williams";"Nicholas Latifi";3.51;32;"Brazil";21;"Left"
35;"Alfa Romeo";"Valtteri Bottas";3.8;45;"Brazil";21;"Left"
36;"Alfa Romeo";"Zhou Guanyu";4.07;37;"Brazil";21;"Left"
37;"Ferrari";"Carlos Sainz";4.1;17;"Brazil";21;"Left"
38;"Haas";"Mick Schumacher";4.18;46;"Brazil";21;"Left"
39;"Alpine";"Fernando Alonso";6.13;35;"Brazil";21;"Left"
40;"McLaren";"Lando Norris";8.03;24;"Brazil";21;"Left"
41;"Williams";"Nicholas Latifi";8.05;20;"Brazil";21;"Left"
42;"Ferrari";"Charles Leclerc";8.98;7;"Brazil";21;"Left"
43;"Austria";"Max Verstappen";10.03;7;"Brazil";21;"Left"
44;"Austria";"Max Verstappen";10.77;23;"Brazil";21;"Left"
1;"McLaren";"Lando Norris";2.32;15;"Abu Dhabi";22;"Right"
2;"McLaren";"Daniel Ricciardo";2.33;19;"Abu Dhabi";22;"Right"
3;"Mercedes";"Lewis Hamilton";2.35;18;"Abu Dhabi";22;"Right"
4;"McLaren";"Lando Norris";2.35;42;"Abu Dhabi";22;"Right"
5;"Alpine";"Fernando Alonso";2.41;19;"Abu Dhabi";22;"Right"
6;"AlphaTauri";"Yuki Tsunoda";2.43;14;"Abu Dhabi";22;"Right"
7;"Austria";"Sergio Perez";2.44;33;"Abu Dhabi";22;"Right"
8;"Ferrari";"Carlos Sainz";2.45;39;"Abu Dhabi";22;"Right"
9;"Austria";"Sergio Perez";2.48;15;"Abu Dhabi";22;"Right"
10;"Alpine";"Esteban Ocon";2.49;41;"Abu Dhabi";22;"Right"
11;"Aston Martin";"Lance Stroll";2.51;13;"Abu Dhabi";22;"Right"
12;"Alpine";"Esteban Ocon";2.52;14;"Abu Dhabi";22;"Right"
13;"Williams";"Alexander Albon";2.53;12;"Abu Dhabi";22;"Right"
14;"Williams";"Alexander Albon";2.6;35;"Abu Dhabi";22;"Right"
15;"Aston Martin";"Lance Stroll";2.66;40;"Abu Dhabi";22;"Right"
16;"Ferrari";"Carlos Sainz";2.69;17;"Abu Dhabi";22;"Right"
17;"AlphaTauri";"Pierre Gasly";2.75;14;"Abu Dhabi";22;"Right"
18;"Haas";"Mick Schumacher";3.01;14;"Abu Dhabi";22;"Right"
19;"Ferrari";"Charles Leclerc";3.01;21;"Abu Dhabi";22;"Right"
20;"Haas";"Kevin Magnussen";3.05;28;"Abu Dhabi";22;"Right"
21;"Alfa Romeo";"Valtteri Bottas";3.09;30;"Abu Dhabi";22;"Right"
22;"Williams";"Nicholas Latifi";3.21;15;"Abu Dhabi";22;"Right"
23;"Alfa Romeo";"Zhou Guanyu";3.23;15;"Abu Dhabi";22;"Right"
24;"AlphaTauri";"Yuki Tsunoda";3.24;14;"Abu Dhabi";22;"Right"
25;"Austria";"Max Verstappen";3.48;20;"Abu Dhabi";22;"Right"
26;"Alfa Romeo";"Zhou Guanyu";3.93;44;"Abu Dhabi";22;"Right"
27;"Aston Martin";"Sebastian Vettel";4.1;25;"Abu Dhabi";22;"Right"
28;"Haas";"Mick Schumacher";4.3;34;"Abu Dhabi";22;"Right"
29;"Mercedes";"George Russell";5.2;15;"Abu Dhabi";22;"Right"
30;"Williams";"Nicholas Latifi";5.59;38;"Abu Dhabi";22;"Right"
31;"Mercedes";"George Russell";8.89;39;"Abu Dhabi";22;"Right"
