"track";"position";"no";"driver";"team";"starting_grid";"laps";"time";"points";"plus_1";"fastest_lap"
"Bahrain";"1";16;"Charles Leclerc";"Ferrari";"1";"57";"1:37:33.584";26;"Yes";"1:34.570"
"Emilia Romagna";"15";24;"Guanyu Zhou";"Alfa Romeo Ferrari";"20";"62";"+1 lap";0;"No";"1:21.286"
"Bahrain";"2";55;"Carlos Sainz";"Ferrari";"3";"57";"+5.598";18;"No";"1:35.740"
"Bahrain";"3";44;"Lewis Hamilton";"Mercedes";"5";"57";"+9.675";15;"No";"1:36.228"
"Bahrain";"4";63;"George Russell";"Mercedes";"9";"57";"+11.211";12;"No";"1:36.302"
"Emilia Romagna";"16";6;"Nicholas Latifi";"Williams Mercedes";"19";"62";"+1 lap";0;"No";"1:21.338"
"Bahrain";"5";20;"Kevin Magnussen";"Haas Ferrari";"7";"57";"+14.754";10;"No";"1:36.623"
"Bahrain";"6";77;"Valtteri Bottas";"Alfa Romeo Ferrari";"6";"57";"+16.119";8;"No";"1:36.599"
"Emilia Romagna";"17";47;"Mick Schumacher";"Haas Ferrari";"10";"62";"+1 lap";0;"No";"1:18.999"
"Bahrain";"7";31;"Esteban Ocon";"Alpine Renault";"11";"57";"+19.423";6;"No";"1:37.110"
"Emilia Romagna";"18";3;"Daniel Ricciardo";"McLaren Mercedes";"6";"62";"+1 lap";0;"No";"1:21.577"
"Bahrain";"8";22;"Yuki Tsunoda";"AlphaTauri RBPT";"16";"57";"+20.386";4;"No";"1:37.104"
"France";"5";55;"Carlos Sainz";"Ferrari";"19";"53";"+28.872";11;"Yes";"1:35.781"
"Bahrain";"9";14;"Fernando Alonso";"Alpine Renault";"8";"57";"+22.390";2;"No";"1:36.733"
"Bahrain";"10";24;"Guanyu Zhou";"Alfa Romeo Ferrari";"15";"57";"+23.064";1;"No";"1:36.685"
"Emilia Romagna";"NC";14;"Fernando Alonso";"Alpine Renault";"9";"6";"DNF";0;"No";"1:39.685"
"Bahrain";"11";47;"Mick Schumacher";"Haas Ferrari";"12";"57";"+32.574";0;"No";"1:36.956"
"Emilia Romagna";"NC";55;"Carlos Sainz";"Ferrari";"4";"0";"DNF";0;"No";""
"United States";"14";10;"Pierre Gasly";"AlphaTauri RBPT";"11";"56";"+81.763";0;"No";"1:41.674"
"Miami";"1";1;"Max Verstappen";"Red Bull Racing RBPT";"3";"57";"1:34:24.258";26;"Yes";"1:31.361"
"France";"6";14;"Fernando Alonso";"Alpine Renault";"7";"53";"+42.879";8;"No";"1:38.160"
"Miami";"2";16;"Charles Leclerc";"Ferrari";"1";"57";"+3.786";18;"No";"1:31.488"
"Miami";"3";55;"Carlos Sainz";"Ferrari";"2";"57";"+8.229";15;"No";"1:31.790"
"France";"7";4;"Lando Norris";"McLaren Mercedes";"5";"53";"+52.026";6;"No";"1:39.037"
"Miami";"4";11;"Sergio Perez";"Red Bull Racing RBPT";"4";"57";"+10.638";12;"No";"1:31.819"
"Miami";"5";63;"George Russell";"Mercedes";"12";"57";"+18.582";10;"No";"1:32.195"
"France";"8";31;"Esteban Ocon";"Alpine Renault";"10";"53";"+56.959";4;"No";"1:38.684"
"France";"9";3;"Daniel Ricciardo";"McLaren Mercedes";"9";"53";"+60.372";2;"No";"1:39.133"
"France";"10";18;"Lance Stroll";"Aston Martin Aramco Mercedes";"15";"53";"+62.549";1;"No";"1:39.185"
"United States";"15";47;"Mick Schumacher";"Haas Ferrari";"16";"56";"+84.490";0;"No";"1:42.320"
"France";"11";5;"Sebastian Vettel";"Aston Martin Aramco Mercedes";"12";"53";"+65.448";0;"No";"1:39.044"
"France";"12";10;"Pierre Gasly";"AlphaTauri RBPT";"14";"53";"+65.448";0;"No";"1:38.786"
"United States";"16";3;"Daniel Ricciardo";"McLaren Mercedes";"15";"56";"+90.487";0;"No";"1:42.420"
"France";"13";23;"Alexander Albon";"Williams Mercedes";"13";"53";"+68.565";0;"No";"1:39.199"
"United States";"17";6;"Nicholas Latifi";"Williams Mercedes";"17";"56";"+103.588";0;"No";"1:43.485"
"France";"14";77;"Valtteri Bottas";"Alfa Romeo Ferrari";"11";"53";"+76.666";0;"No";"1:37.963"
"France";"15";47;"Mick Schumacher";"Haas Ferrari";"17";"53";"+80.394";0;"No";"1:39.068"
"United States";"NC";18;"Lance Stroll";"Aston Martin Aramco Mercedes";"5";"21";"DNF";0;"No";"1:43.080"
"United States";"NC";77;"Valtteri Bottas";"Alfa Romeo Ferrari";"7";"16";"DNF";0;"No";"1:43.391"
"United States";"NC";55;"Carlos Sainz";"Ferrari";"1";"1";"DNF";0;"No";""
"Mexico";"1";1;"Max Verstappen";"Red Bull Racing RBPT";"1";"71";"1:38:36.729";25;"No";"1:22.046"
"Mexico";"2";44;"Lewis Hamilton";"Mercedes";"3";"71";"+15.186";18;"No";"1:22.062"
"Mexico";"3";11;"Sergio Perez";"Red Bull Racing RBPT";"4";"71";"+18.097";15;"No";"1:21.775"
"Mexico";"4";63;"George Russell";"Mercedes";"2";"71";"+49.431";13;"Yes";"1:20.153"
"Bahrain";"12";18;"Lance Stroll";"Aston Martin Aramco Mercedes";"19";"57";"+45.873";0;"No";"1:37.146"
"Bahrain";"13";23;"Alexander Albon";"Williams Mercedes";"14";"57";"+53.932";0;"No";"1:37.355"
"Bahrain";"14";3;"Daniel Ricciardo";"McLaren Mercedes";"18";"57";"+54.975";0;"No";"1:37.261"
"Bahrain";"15";4;"Lando Norris";"McLaren Mercedes";"13";"57";"+56.335";0;"No";"1:36.988"
"Bahrain";"16";6;"Nicholas Latifi";"Williams Mercedes";"20";"57";"+61.795";0;"No";"1:38.251"
"France";"16";24;"Guanyu Zhou";"Alfa Romeo Ferrari";"16";"47";"+6 laps";0;"No";"1:39.368"
"Bahrain";"17";27;"Nico Hulkenberg";"Aston Martin Aramco Mercedes";"17";"57";"+63.829";0;"No";"1:38.201"
"France";"NC";6;"Nicholas Latifi";"Williams Mercedes";"18";"40";"DNF";0;"No";"1:39.650"
"Bahrain";"18";11;"Sergio Perez";"Red Bull Racing RBPT";"4";"56";"DNF";0;"No";"1:36.089"
"France";"NC";20;"Kevin Magnussen";"Haas Ferrari";"20";"37";"DNF";0;"No";"1:39.265"
"Bahrain";"19";1;"Max Verstappen";"Red Bull Racing RBPT";"2";"54";"DNF";0;"No";"1:35.440"
"Bahrain";"NC";10;"Pierre Gasly";"AlphaTauri RBPT";"10";"44";"DNF";0;"No";"1:37.324"
"France";"NC";16;"Charles Leclerc";"Ferrari";"1";"17";"DNF";0;"No";"1:38.088"
"Saudi Arabia";"1";1;"Max Verstappen";"Red Bull Racing RBPT";"4";"50";"1:24:19.293";25;"No";"1:31.772"
"France";"NC";22;"Yuki Tsunoda";"AlphaTauri RBPT";"8";"17";"DNF";0;"No";"1:40.216"
"Saudi Arabia";"2";16;"Charles Leclerc";"Ferrari";"2";"50";"+0.549";19;"Yes";"1:31.634"
"Mexico";"5";55;"Carlos Sainz";"Ferrari";"5";"71";"+58.123";10;"No";"1:22.199"
"Hungary";"1";1;"Max Verstappen";"Red Bull Racing RBPT";"10";"70";"1:39:25.912";25;"No";"1:22.126"
"Saudi Arabia";"3";55;"Carlos Sainz";"Ferrari";"3";"50";"+8.097";15;"No";"1:31.905"
"Miami";"6";44;"Lewis Hamilton";"Mercedes";"6";"57";"+21.368";8;"No";"1:32.941"
"Mexico";"6";16;"Charles Leclerc";"Ferrari";"7";"71";"+68.774";8;"No";"1:22.603"
"Mexico";"7";3;"Daniel Ricciardo";"McLaren Mercedes";"11";"70";"+1 lap";6;"No";"1:22.022"
"Miami";"7";77;"Valtteri Bottas";"Alfa Romeo Ferrari";"5";"57";"+25.073";6;"No";"1:33.184"
"Hungary";"2";44;"Lewis Hamilton";"Mercedes";"7";"70";"+7.834";19;"Yes";"1:21.386"
"Saudi Arabia";"4";11;"Sergio Perez";"Red Bull Racing RBPT";"1";"50";"+10.800";12;"No";"1:32.042"
"Miami";"8";31;"Esteban Ocon";"Alpine Renault";"20";"57";"+28.386";4;"No";"1:33.163"
"Hungary";"3";63;"George Russell";"Mercedes";"1";"70";"+12.337";15;"No";"1:22.766"
"Saudi Arabia";"5";63;"George Russell";"Mercedes";"6";"50";"+32.732";10;"No";"1:32.821"
"Hungary";"4";55;"Carlos Sainz";"Ferrari";"2";"70";"+14.579";12;"No";"1:22.000"
"Mexico";"8";31;"Esteban Ocon";"Alpine Renault";"10";"70";"+1 lap";4;"No";"1:23.279"
"Saudi Arabia";"6";31;"Esteban Ocon";"Alpine Renault";"5";"50";"+56.017";8;"No";"1:33.103"
"Mexico";"9";4;"Lando Norris";"McLaren Mercedes";"8";"70";"+1 lap";2;"No";"1:23.402"
"Saudi Arabia";"7";4;"Lando Norris";"McLaren Mercedes";"11";"50";"+56.124";6;"No";"1:32.753"
"Miami";"9";23;"Alexander Albon";"Williams Mercedes";"18";"57";"+32.365";2;"No";"1:33.447"
"Mexico";"10";77;"Valtteri Bottas";"Alfa Romeo Ferrari";"6";"70";"+1 lap";1;"No";"1:23.363"
"Hungary";"5";11;"Sergio Perez";"Red Bull Racing RBPT";"11";"70";"+15.688";10;"No";"1:21.940"
"Miami";"10";18;"Lance Stroll";"Aston Martin Aramco Mercedes";"10";"57";"+37.026";1;"No";"1:33.312"
"Hungary";"6";16;"Charles Leclerc";"Ferrari";"3";"70";"+16.047";8;"No";"1:21.622"
"Miami";"11";14;"Fernando Alonso";"Alpine Renault";"11";"57";"+37.128";0;"No";"1:33.331"
"Saudi Arabia";"8";10;"Pierre Gasly";"AlphaTauri RBPT";"9";"50";"+62.946";4;"No";"1:33.468"
"Mexico";"11";10;"Pierre Gasly";"AlphaTauri RBPT";"14";"70";"+1 lap";0;"No";"1:22.277"
"Hungary";"7";4;"Lando Norris";"McLaren Mercedes";"4";"70";"+78.300";6;"No";"1:23.043"
"Mexico";"12";23;"Alexander Albon";"Williams Mercedes";"17";"70";"+1 lap";0;"No";"1:22.914"
"Miami";"12";22;"Yuki Tsunoda";"AlphaTauri RBPT";"9";"57";"+40.146";0;"No";"1:33.035"
"Mexico";"13";24;"Guanyu Zhou";"Alfa Romeo Ferrari";"12";"70";"+1 lap";0;"No";"1:22.260"
"Saudi Arabia";"9";20;"Kevin Magnussen";"Haas Ferrari";"10";"50";"+64.308";2;"No";"1:32.779"
"Hungary";"8";14;"Fernando Alonso";"Alpine Renault";"6";"69";"+1 lap";4;"No";"1:23.979"
"Miami";"13";3;"Daniel Ricciardo";"McLaren Mercedes";"14";"57";"+40.902";0;"No";"1:33.265"
"Saudi Arabia";"10";44;"Lewis Hamilton";"Mercedes";"15";"50";"+73.948";1;"No";"1:32.997"
"Mexico";"14";5;"Sebastian Vettel";"Aston Martin Aramco Mercedes";"16";"70";"+1 lap";0;"No";"1:23.086"
"Miami";"14";6;"Nicholas Latifi";"Williams Mercedes";"19";"57";"+49.936";0;"No";"1:34.169"
"Hungary";"9";31;"Esteban Ocon";"Alpine Renault";"5";"69";"+1 lap";2;"No";"1:24.149"
"Saudi Arabia";"11";24;"Guanyu Zhou";"Alfa Romeo Ferrari";"12";"50";"+82.215";0;"No";"1:33.924"
"Mexico";"15";18;"Lance Stroll";"Aston Martin Aramco Mercedes";"20";"70";"+1 lap";0;"No";"1:22.463"
"Hungary";"10";5;"Sebastian Vettel";"Aston Martin Aramco Mercedes";"18";"69";"+1 lap";1;"No";"1:22.824"
"Saudi Arabia";"12";27;"Nico Hulkenberg";"Aston Martin Aramco Mercedes";"17";"50";"+91.742";0;"No";"1:33.651"
"Miami";"15";47;"Mick Schumacher";"Haas Ferrari";"15";"57";"+73.305";0;"No";"1:32.528"
"Hungary";"11";18;"Lance Stroll";"Aston Martin Aramco Mercedes";"14";"69";"+1 lap";0;"No";"1:22.437"
"Saudi Arabia";"13";18;"Lance Stroll";"Aston Martin Aramco Mercedes";"13";"49";"+1 lap";0;"No";"1:34.446"
"Miami";"16";20;"Kevin Magnussen";"Haas Ferrari";"16";"56";"DNF";0;"No";"1:33.511"
"Miami";"17";5;"Sebastian Vettel";"Aston Martin Aramco Mercedes";"13";"54";"DNF";0;"No";"1:33.479"
"Saudi Arabia";"14";23;"Alexander Albon";"Williams Mercedes";"16";"47";"DNF";0;"No";"1:34.368"
"Hungary";"12";10;"Pierre Gasly";"AlphaTauri RBPT";"20";"69";"+1 lap";0;"No";"1:23.199"
"Miami";"NC";10;"Pierre Gasly";"AlphaTauri RBPT";"7";"45";"DNF";0;"No";"1:34.487"
"Saudi Arabia";"NC";77;"Valtteri Bottas";"Alfa Romeo Ferrari";"8";"36";"DNF";0;"No";"1:33.979"
"Miami";"NC";4;"Lando Norris";"McLaren Mercedes";"8";"39";"DNF";0;"No";"1:33.411"
"Hungary";"13";24;"Guanyu Zhou";"Alfa Romeo Ferrari";"12";"69";"+1 lap";0;"No";"1:22.029"
"Saudi Arabia";"NC";14;"Fernando Alonso";"Alpine Renault";"7";"35";"DNF";0;"No";"1:33.831"
"Miami";"NC";24;"Guanyu Zhou";"Alfa Romeo Ferrari";"17";"6";"DNF";0;"No";"1:35.731"
"Hungary";"14";47;"Mick Schumacher";"Haas Ferrari";"15";"69";"+1 lap";0;"No";"1:23.151"
"Saudi Arabia";"NC";3;"Daniel Ricciardo";"McLaren Mercedes";"14";"35";"DNF";0;"No";"1:34.487"
"Spain";"1";1;"Max Verstappen";"Red Bull Racing RBPT";"2";"66";"1:37:20.475";25;"No";"1:25.456"
"Hungary";"15";3;"Daniel Ricciardo";"McLaren Mercedes";"9";"69";"+1 lap";0;"No";"1:23.654"
"Saudi Arabia";"NC";6;"Nicholas Latifi";"Williams Mercedes";"18";"14";"DNF";0;"No";"1:37.530"
"Hungary";"16";20;"Kevin Magnussen";"Haas Ferrari";"13";"69";"+1 lap";0;"No";"1:23.511"
"Saudi Arabia";"NC";22;"Yuki Tsunoda";"AlphaTauri RBPT";"19";"0";"DNS";0;"No";""
"Spain";"2";11;"Sergio Perez";"Red Bull Racing RBPT";"5";"66";"+13.072";19;"Yes";"1:24.108"
"Hungary";"17";23;"Alexander Albon";"Williams Mercedes";"17";"69";"+1 lap";0;"No";"1:23.047"
"Saudi Arabia";"NC";47;"Mick Schumacher";"Haas Ferrari";"20";"0";"DNS";0;"No";""
"Hungary";"18";6;"Nicholas Latifi";"Williams Mercedes";"19";"69";"+1 lap";0;"No";"1:22.478"
"Mexico";"16";47;"Mick Schumacher";"Haas Ferrari";"15";"70";"+1 lap";0;"No";"1:23.641"
"Spain";"3";63;"George Russell";"Mercedes";"4";"66";"+32.927";15;"No";"1:24.636"
"Spain";"4";55;"Carlos Sainz";"Ferrari";"3";"66";"+45.208";12;"No";"1:25.985"
"Spain";"5";44;"Lewis Hamilton";"Mercedes";"6";"66";"+54.534";10;"No";"1:24.253"
"Mexico";"17";20;"Kevin Magnussen";"Haas Ferrari";"19";"70";"+1 lap";0;"No";"1:23.300"
"Australia";"1";16;"Charles Leclerc";"Ferrari";"1";"58";"1:27:46.548";26;"Yes";"1:20.260"
"Mexico";"18";6;"Nicholas Latifi";"Williams Mercedes";"18";"69";"+2 laps";0;"No";"1:23.709"
"Hungary";"19";22;"Yuki Tsunoda";"AlphaTauri RBPT";"16";"68";"+2 laps";0;"No";"1:23.538"
"Australia";"2";11;"Sergio Perez";"Red Bull Racing RBPT";"3";"58";"+20.524";18;"No";"1:21.094"
"Mexico";"19";14;"Fernando Alonso";"Alpine Renault";"9";"63";"DNF";0;"No";"1:22.866"
"Australia";"3";63;"George Russell";"Mercedes";"6";"58";"+25.593";15;"No";"1:21.495"
"Hungary";"20";77;"Valtteri Bottas";"Alfa Romeo Ferrari";"8";"65";"DNF";0;"No";"1:24.002"
"Mexico";"NC";22;"Yuki Tsunoda";"AlphaTauri RBPT";"13";"50";"DNF";0;"No";"1:23.403"
"Australia";"4";44;"Lewis Hamilton";"Mercedes";"5";"58";"+28.543";12;"No";"1:21.886"
"Belgium";"1";1;"Max Verstappen";"Red Bull Racing RBPT";"14";"44";"1:25:52.894";26;"Yes";"1:49.354"
"Australia";"5";4;"Lando Norris";"McLaren Mercedes";"4";"58";"+53.303";10;"No";"1:22.248"
"Belgium";"2";11;"Sergio Perez";"Red Bull Racing RBPT";"2";"44";"+17.841";18;"No";"1:50.764"
"Australia";"6";3;"Daniel Ricciardo";"McLaren Mercedes";"7";"58";"+53.737";8;"No";"1:22.451"
"Belgium";"3";55;"Carlos Sainz";"Ferrari";"1";"44";"+26.886";15;"No";"1:51.977"
"Brazil";"1";63;"George Russell";"Mercedes";"1";"71";"1:38:34.044";26;"Yes";"1:13.785"
"Belgium";"4";63;"George Russell";"Mercedes";"5";"44";"+29.140";12;"No";"1:50.793"
"Brazil";"2";44;"Lewis Hamilton";"Mercedes";"2";"71";"+1.529";18;"No";"1:13.942"
"Spain";"6";77;"Valtteri Bottas";"Alfa Romeo Ferrari";"7";"66";"+59.976";8;"No";"1:26.395"
"Brazil";"3";55;"Carlos Sainz";"Ferrari";"7";"71";"+4.051";15;"No";"1:13.953"
"Belgium";"5";14;"Fernando Alonso";"Alpine Renault";"3";"44";"+73.256";10;"No";"1:52.868"
"Spain";"7";31;"Esteban Ocon";"Alpine Renault";"12";"66";"+75.397";6;"No";"1:25.935"
"Brazil";"4";16;"Charles Leclerc";"Ferrari";"5";"71";"+8.441";12;"No";"1:14.253"
"Spain";"8";4;"Lando Norris";"McLaren Mercedes";"11";"66";"+83.235";4;"No";"1:25.619"
"Brazil";"5";14;"Fernando Alonso";"Alpine Renault";"17";"71";"+9.561";10;"No";"1:14.164"
"Brazil";"6";1;"Max Verstappen";"Red Bull Racing RBPT";"3";"71";"+10.056";8;"No";"1:14.195"
"Belgium";"6";16;"Charles Leclerc";"Ferrari";"15";"44";"+74.936";8;"No";"1:49.984"
"Brazil";"7";11;"Sergio Perez";"Red Bull Racing RBPT";"4";"71";"+14.080";6;"No";"1:14.283"
"Belgium";"7";31;"Esteban Ocon";"Alpine Renault";"16";"44";"+75.640";6;"No";"1:51.717"
"Belgium";"8";5;"Sebastian Vettel";"Aston Martin Aramco Mercedes";"10";"44";"+78.107";4;"No";"1:52.515"
"Spain";"9";14;"Fernando Alonso";"Alpine Renault";"20";"65";"+1 lap";2;"No";"1:26.599"
"Belgium";"9";10;"Pierre Gasly";"AlphaTauri RBPT";"8";"44";"+92.181";2;"No";"1:53.002"
"Spain";"10";22;"Yuki Tsunoda";"AlphaTauri RBPT";"13";"65";"+1 lap";1;"No";"1:26.828"
"Belgium";"10";23;"Alexander Albon";"Williams Mercedes";"6";"44";"+101.900";1;"No";"1:53.055"
"Brazil";"8";31;"Esteban Ocon";"Alpine Renault";"16";"71";"+18.690";4;"No";"1:15.093"
"Spain";"11";5;"Sebastian Vettel";"Aston Martin Aramco Mercedes";"16";"65";"+1 lap";0;"No";"1:27.629"
"Brazil";"9";77;"Valtteri Bottas";"Alfa Romeo Ferrari";"14";"71";"+22.552";2;"No";"1:15.511"
"Spain";"12";3;"Daniel Ricciardo";"McLaren Mercedes";"9";"65";"+1 lap";0;"No";"1:27.285"
"Brazil";"10";18;"Lance Stroll";"Aston Martin Aramco Mercedes";"15";"71";"+23.552";1;"No";"1:14.831"
"Spain";"13";10;"Pierre Gasly";"AlphaTauri RBPT";"14";"65";"+1 lap";0;"No";"1:26.987"
"Belgium";"11";18;"Lance Stroll";"Aston Martin Aramco Mercedes";"9";"44";"+103.078";0;"No";"1:52.880"
"Australia";"7";31;"Esteban Ocon";"Alpine Renault";"8";"58";"+61.683";6;"No";"1:22.469"
"Brazil";"11";5;"Sebastian Vettel";"Aston Martin Aramco Mercedes";"9";"71";"+26.183";0;"No";"1:15.549"
"Australia";"8";77;"Valtteri Bottas";"Alfa Romeo Ferrari";"12";"58";"+68.439";4;"No";"1:21.651"
"Brazil";"12";24;"Guanyu Zhou";"Alfa Romeo Ferrari";"13";"71";"+29.325";0;"No";"1:15.802"
"Belgium";"12";4;"Lando Norris";"McLaren Mercedes";"17";"44";"+104.739";0;"No";"1:51.678"
"Australia";"9";10;"Pierre Gasly";"AlphaTauri RBPT";"11";"58";"+76.221";2;"No";"1:22.731"
"Brazil";"13";47;"Mick Schumacher";"Haas Ferrari";"12";"71";"+29.899";0;"No";"1:15.251"
"Belgium";"13";22;"Yuki Tsunoda";"AlphaTauri RBPT";"20";"44";"+105.217";0;"No";"1:52.436"
"Australia";"10";23;"Alexander Albon";"Williams Mercedes";"20";"58";"+79.382";1;"No";"1:22.589"
"Belgium";"14";24;"Guanyu Zhou";"Alfa Romeo Ferrari";"18";"44";"+106.252";0;"No";"1:52.317"
"Australia";"11";24;"Guanyu Zhou";"Alfa Romeo Ferrari";"14";"58";"+81.695";0;"No";"1:22.541"
"Brazil";"14";10;"Pierre Gasly";"AlphaTauri RBPT";"10";"71";"+31.867";0;"No";"1:15.327"
"Belgium";"15";3;"Daniel Ricciardo";"McLaren Mercedes";"7";"44";"+107.163";0;"No";"1:53.080"
"Australia";"12";18;"Lance Stroll";"Aston Martin Aramco Mercedes";"19";"58";"+88.598";0;"No";"1:23.592"
"Australia";"13";47;"Mick Schumacher";"Haas Ferrari";"15";"57";"+1 lap";0;"No";"1:23.006"
"Belgium";"16";20;"Kevin Magnussen";"Haas Ferrari";"12";"43";"+1 lap";0;"No";"1:53.332"
"Brazil";"15";23;"Alexander Albon";"Williams Mercedes";"19";"71";"+36.016";0;"No";"1:15.613"
"Belgium";"17";47;"Mick Schumacher";"Haas Ferrari";"19";"43";"+1 lap";0;"No";"1:52.646"
"Brazil";"16";6;"Nicholas Latifi";"Williams Mercedes";"18";"71";"+37.038";0;"No";"1:15.327"
"Belgium";"18";6;"Nicholas Latifi";"Williams Mercedes";"11";"43";"+1 lap";0;"No";"1:52.256"
"Brazil";"17";22;"Yuki Tsunoda";"AlphaTauri RBPT";"20";"71";"+1 lap";0;"No";"1:15.508"
"Australia";"14";20;"Kevin Magnussen";"Haas Ferrari";"16";"57";"+1 lap";0;"No";"1:23.071"
"Spain";"14";47;"Mick Schumacher";"Haas Ferrari";"10";"65";"+1 lap";0;"No";"1:27.447"
"Brazil";"NC";4;"Lando Norris";"McLaren Mercedes";"6";"50";"DNF";0;"No";"1:15.855"
"Australia";"15";22;"Yuki Tsunoda";"AlphaTauri RBPT";"13";"57";"+1 lap";0;"No";"1:23.342"
"Brazil";"NC";20;"Kevin Magnussen";"Haas Ferrari";"8";"0";"DNF";0;"No";""
"Australia";"16";6;"Nicholas Latifi";"Williams Mercedes";"18";"57";"+1 lap";0;"No";"1:23.882"
"Belgium";"NC";77;"Valtteri Bottas";"Alfa Romeo Ferrari";"13";"1";"DNF";0;"No";""
"Spain";"15";18;"Lance Stroll";"Aston Martin Aramco Mercedes";"17";"65";"+1 lap";0;"No";"1:26.876"
"Australia";"17";14;"Fernando Alonso";"Alpine Renault";"10";"57";"+1 lap";0;"No";"1:20.846"
"Belgium";"NC";44;"Lewis Hamilton";"Mercedes";"4";"0";"DNF";0;"No";""
"Brazil";"NC";3;"Daniel Ricciardo";"McLaren Mercedes";"11";"0";"DNF";0;"No";""
"Netherlands";"1";1;"Max Verstappen";"Red Bull Racing RBPT";"1";"72";"1:36:42.773";26;"Yes";"1:13.652"
"Australia";"NC";1;"Max Verstappen";"Red Bull Racing RBPT";"2";"38";"DNF";0;"No";"1:21.677"
"Spain";"16";6;"Nicholas Latifi";"Williams Mercedes";"19";"64";"+2 laps";0;"No";"1:27.246"
"Abu Dhabi";"1";1;"Max Verstappen";"Red Bull Racing RBPT";"1";"58";"1:27:45.914";25;"No";"1:29.392"
"Spain";"17";20;"Kevin Magnussen";"Haas Ferrari";"8";"64";"+2 laps";0;"No";"1:27.537"
"Australia";"NC";5;"Sebastian Vettel";"Aston Martin Aramco Mercedes";"17";"22";"DNF";0;"No";"1:25.189"
"Netherlands";"2";63;"George Russell";"Mercedes";"6";"72";"+4.071";18;"No";"1:13.671"
"Abu Dhabi";"2";16;"Charles Leclerc";"Ferrari";"3";"58";"+8.771";18;"No";"1:29.719"
"Spain";"18";23;"Alexander Albon";"Williams Mercedes";"18";"64";"+2 laps";0;"No";"1:28.281"
"Netherlands";"3";16;"Charles Leclerc";"Ferrari";"2";"72";"+10.929";15;"No";"1:14.413"
"Abu Dhabi";"3";11;"Sergio Perez";"Red Bull Racing RBPT";"2";"58";"+10.093";15;"No";"1:28.972"
"Spain";"NC";24;"Guanyu Zhou";"Alfa Romeo Ferrari";"15";"28";"DNF";0;"No";"1:28.415"
"Australia";"NC";55;"Carlos Sainz";"Ferrari";"9";"1";"DNF";0;"No";""
"Netherlands";"4";44;"Lewis Hamilton";"Mercedes";"4";"72";"+13.016";12;"No";"1:13.854"
"Abu Dhabi";"4";55;"Carlos Sainz";"Ferrari";"4";"58";"+24.892";12;"No";"1:28.879"
"Spain";"NC";16;"Charles Leclerc";"Ferrari";"1";"27";"DNF";0;"No";"1:27.030"
"Emilia Romagna";"1";1;"Max Verstappen";"Red Bull Racing RBPT";"1";"63";"1:32:07.986";26;"Yes";"1:18.446"
"Netherlands";"5";11;"Sergio Perez";"Red Bull Racing RBPT";"5";"72";"+18.168";10;"No";"1:14.404"
"Emilia Romagna";"2";11;"Sergio Perez";"Red Bull Racing RBPT";"3";"63";"+16.527";18;"No";"1:18.949"
"Emilia Romagna";"3";4;"Lando Norris";"McLaren Mercedes";"5";"63";"+34.834";15;"No";"1:20.903"
"Abu Dhabi";"5";63;"George Russell";"Mercedes";"6";"58";"+35.888";10;"No";"1:28.836"
"Monaco";"1";11;"Sergio Perez";"Red Bull Racing RBPT";"3";"64";"1:56:30.265";25;"No";"1:16.028"
"Netherlands";"6";14;"Fernando Alonso";"Alpine Renault";"13";"72";"+18.754";8;"No";"1:14.144"
"Emilia Romagna";"4";63;"George Russell";"Mercedes";"11";"63";"+42.506";12;"No";"1:20.962"
"Monaco";"2";55;"Carlos Sainz";"Ferrari";"2";"64";"+1.154";18;"No";"1:16.421"
"Netherlands";"7";4;"Lando Norris";"McLaren Mercedes";"7";"72";"+19.306";6;"No";"1:14.706"
"Monaco";"3";1;"Max Verstappen";"Red Bull Racing RBPT";"4";"64";"+1.491";15;"No";"1:16.052"
"Monaco";"4";16;"Charles Leclerc";"Ferrari";"1";"64";"+2.922";12;"No";"1:16.249"
"Netherlands";"8";55;"Carlos Sainz";"Ferrari";"3";"72";"+20.916";4;"No";"1:14.643"
"Monaco";"5";63;"George Russell";"Mercedes";"6";"64";"+11.968";10;"No";"1:16.830"
"Netherlands";"9";31;"Esteban Ocon";"Alpine Renault";"12";"72";"+21.117";2;"No";"1:15.084"
"Netherlands";"10";18;"Lance Stroll";"Aston Martin Aramco Mercedes";"10";"72";"+22.459";1;"No";"1:15.043"
"Monaco";"6";4;"Lando Norris";"McLaren Mercedes";"5";"64";"+12.231";9;"Yes";"1:14.693"
"Netherlands";"11";10;"Pierre Gasly";"AlphaTauri RBPT";"11";"72";"+27.009";0;"No";"1:15.165"
"Monaco";"7";14;"Fernando Alonso";"Alpine Renault";"7";"64";"+46.358";6;"No";"1:15.882"
"Netherlands";"12";23;"Alexander Albon";"Williams Mercedes";"15";"72";"+30.390";0;"No";"1:15.534"
"Monaco";"8";44;"Lewis Hamilton";"Mercedes";"8";"64";"+50.388";4;"No";"1:17.203"
"Netherlands";"13";47;"Mick Schumacher";"Haas Ferrari";"8";"72";"+32.995";0;"No";"1:15.233"
"Monaco";"9";77;"Valtteri Bottas";"Alfa Romeo Ferrari";"12";"64";"+52.525";2;"No";"1:17.600"
"Monaco";"10";5;"Sebastian Vettel";"Aston Martin Aramco Mercedes";"9";"64";"+53.536";1;"No";"1:17.558"
"Monaco";"11";10;"Pierre Gasly";"AlphaTauri RBPT";"17";"64";"+54.289";0;"No";"1:17.344"
"Abu Dhabi";"6";4;"Lando Norris";"McLaren Mercedes";"7";"58";"+56.234";9;"Yes";"1:28.391"
"Monaco";"12";31;"Esteban Ocon";"Alpine Renault";"10";"64";"+55.644";0;"No";"1:17.571"
"Abu Dhabi";"7";31;"Esteban Ocon";"Alpine Renault";"8";"58";"+57.240";6;"No";"1:29.333"
"Monaco";"13";3;"Daniel Ricciardo";"McLaren Mercedes";"14";"64";"+57.635";0;"No";"1:17.532"
"Monaco";"14";18;"Lance Stroll";"Aston Martin Aramco Mercedes";"18";"64";"+60.802";0;"No";"1:17.672"
"Monaco";"15";6;"Nicholas Latifi";"Williams Mercedes";"19";"63";"+1 lap";0;"No";"1:18.579"
"Abu Dhabi";"8";18;"Lance Stroll";"Aston Martin Aramco Mercedes";"14";"58";"+76.931";4;"No";"1:29.620"
"Emilia Romagna";"5";77;"Valtteri Bottas";"Alfa Romeo Ferrari";"7";"63";"+43.181";10;"No";"1:20.758"
"Abu Dhabi";"9";3;"Daniel Ricciardo";"McLaren Mercedes";"13";"58";"+83.268";2;"No";"1:30.785"
"Monaco";"16";24;"Guanyu Zhou";"Alfa Romeo Ferrari";"20";"63";"+1 lap";0;"No";"1:18.200"
"Emilia Romagna";"6";16;"Charles Leclerc";"Ferrari";"2";"63";"+56.072";8;"No";"1:18.574"
"Abu Dhabi";"10";5;"Sebastian Vettel";"Aston Martin Aramco Mercedes";"9";"58";"+83.898";1;"No";"1:30.312"
"Monaco";"17";22;"Yuki Tsunoda";"AlphaTauri RBPT";"11";"63";"+1 lap";0;"No";"1:15.334"
"Emilia Romagna";"7";22;"Yuki Tsunoda";"AlphaTauri RBPT";"12";"63";"+61.110";6;"No";"1:20.544"
"Monaco";"NC";23;"Alexander Albon";"Williams Mercedes";"16";"48";"DNF";0;"No";"1:18.023"
"Emilia Romagna";"8";5;"Sebastian Vettel";"Aston Martin Aramco Mercedes";"13";"63";"+70.892";4;"No";"1:21.211"
"Abu Dhabi";"11";22;"Yuki Tsunoda";"AlphaTauri RBPT";"11";"58";"+89.371";0;"No";"1:29.489"
"Monaco";"NC";47;"Mick Schumacher";"Haas Ferrari";"15";"24";"DNF";0;"No";"1:24.778"
"Emilia Romagna";"9";20;"Kevin Magnussen";"Haas Ferrari";"8";"63";"+75.260";2;"No";"1:21.238"
"Abu Dhabi";"12";24;"Guanyu Zhou";"Alfa Romeo Ferrari";"15";"57";"+1 lap";0;"No";"1:29.600"
"Monaco";"NC";20;"Kevin Magnussen";"Haas Ferrari";"13";"19";"DNF";0;"No";"1:33.754"
"Abu Dhabi";"13";23;"Alexander Albon";"Williams Mercedes";"19";"57";"+1 lap";0;"No";"1:29.939"
"Azerbaijan";"1";1;"Max Verstappen";"Red Bull Racing RBPT";"3";"51";"1:34:05.941";25;"No";"1:46.050"
"Abu Dhabi";"14";10;"Pierre Gasly";"AlphaTauri RBPT";"17";"57";"+1 lap";0;"No";"1:31.081"
"Azerbaijan";"2";11;"Sergio Perez";"Red Bull Racing RBPT";"2";"51";"+20.823";19;"Yes";"1:46.046"
"Abu Dhabi";"15";77;"Valtteri Bottas";"Alfa Romeo Ferrari";"18";"57";"+1 lap";0;"No";"1:30.352"
"Azerbaijan";"3";63;"George Russell";"Mercedes";"5";"51";"+45.995";15;"No";"1:47.177"
"Abu Dhabi";"16";47;"Mick Schumacher";"Haas Ferrari";"12";"57";"+1 lap";0;"No";"1:29.833"
"Abu Dhabi";"17";20;"Kevin Magnussen";"Haas Ferrari";"16";"57";"+1 lap";0;"No";"1:31.158"
"Abu Dhabi";"18";44;"Lewis Hamilton";"Mercedes";"5";"55";"DNF";0;"No";"1:29.788"
"Netherlands";"14";5;"Sebastian Vettel";"Aston Martin Aramco Mercedes";"19";"72";"+36.007";0;"No";"1:14.862"
"Abu Dhabi";"19";6;"Nicholas Latifi";"Williams Mercedes";"20";"55";"DNF";0;"No";"1:30.309"
"Abu Dhabi";"NC";14;"Fernando Alonso";"Alpine Renault";"10";"27";"DNF";0;"No";"1:30.579"
"Netherlands";"15";20;"Kevin Magnussen";"Haas Ferrari";"18";"72";"+36.869";0;"No";"1:15.369"
"Netherlands";"16";24;"Guanyu Zhou";"Alfa Romeo Ferrari";"14";"72";"+37.320";0;"No";"1:15.940"
"Netherlands";"17";3;"Daniel Ricciardo";"McLaren Mercedes";"17";"72";"+37.764";0;"No";"1:15.577"
"Netherlands";"18";6;"Nicholas Latifi";"Williams Mercedes";"20";"71";"+1 lap";0;"No";"1:16.066"
"Netherlands";"NC";77;"Valtteri Bottas";"Alfa Romeo Ferrari";"16";"53";"DNF";0;"No";"1:16.844"
"Netherlands";"NC";22;"Yuki Tsunoda";"AlphaTauri RBPT";"9";"43";"DNF";0;"No";"1:17.138"
"Italy";"1";1;"Max Verstappen";"Red Bull Racing RBPT";"7";"53";"1:20:27.511";25;"No";"1:24.745"
"Italy";"2";16;"Charles Leclerc";"Ferrari";"1";"53";"+2.446";18;"No";"1:24.336"
"Italy";"3";63;"George Russell";"Mercedes";"2";"53";"+3.405";15;"No";"1:25.288"
"Italy";"4";55;"Carlos Sainz";"Ferrari";"18";"53";"+5.061";12;"No";"1:24.446"
"Italy";"5";44;"Lewis Hamilton";"Mercedes";"19";"53";"+5.380";10;"No";"1:24.434"
"Italy";"6";11;"Sergio Perez";"Red Bull Racing RBPT";"13";"53";"+6.091";9;"Yes";"1:24.030"
"Italy";"7";4;"Lando Norris";"McLaren Mercedes";"3";"53";"+6.207";6;"No";"1:24.718"
"Italy";"8";10;"Pierre Gasly";"AlphaTauri RBPT";"5";"53";"+6.396";4;"No";"1:26.718"
"Italy";"9";45;"Nyck De Vries";"Williams Mercedes";"8";"53";"+7.122";2;"No";"1:26.624"
"Italy";"10";24;"Guanyu Zhou";"Alfa Romeo Ferrari";"9";"53";"+7.910";1;"No";"1:26.361"
"Italy";"11";31;"Esteban Ocon";"Alpine Renault";"14";"53";"+8.323";0;"No";"1:26.593"
"Emilia Romagna";"10";18;"Lance Stroll";"Aston Martin Aramco Mercedes";"15";"62";"+1 lap";1;"No";"1:21.750"
"Emilia Romagna";"11";23;"Alexander Albon";"Williams Mercedes";"18";"62";"+1 lap";0;"No";"1:21.757"
"Italy";"12";47;"Mick Schumacher";"Haas Ferrari";"17";"53";"+8.549";0;"No";"1:25.298"
"Emilia Romagna";"12";10;"Pierre Gasly";"AlphaTauri RBPT";"17";"62";"+1 lap";0;"No";"1:21.713"
"Italy";"13";77;"Valtteri Bottas";"Alfa Romeo Ferrari";"15";"52";"+1 lap";0;"No";"1:25.706"
"Italy";"14";22;"Yuki Tsunoda";"AlphaTauri RBPT";"20";"52";"+1 lap";0;"No";"1:26.857"
"Emilia Romagna";"13";44;"Lewis Hamilton";"Mercedes";"14";"62";"+1 lap";0;"No";"1:21.419"
"Azerbaijan";"4";44;"Lewis Hamilton";"Mercedes";"7";"51";"+71.679";12;"No";"1:47.044"
"Italy";"15";6;"Nicholas Latifi";"Williams Mercedes";"10";"52";"+1 lap";0;"No";"1:26.798"
"Emilia Romagna";"14";31;"Esteban Ocon";"Alpine Renault";"16";"62";"+1 lap";0;"No";"1:21.887"
"Azerbaijan";"5";10;"Pierre Gasly";"AlphaTauri RBPT";"6";"51";"+77.299";10;"No";"1:48.519"
"Italy";"16";20;"Kevin Magnussen";"Haas Ferrari";"16";"52";"+1 lap";0;"No";"1:26.798"
"Azerbaijan";"6";5;"Sebastian Vettel";"Aston Martin Aramco Mercedes";"9";"51";"+84.099";8;"No";"1:48.206"
"Azerbaijan";"7";14;"Fernando Alonso";"Alpine Renault";"10";"51";"+88.596";6;"No";"1:47.989"
"Italy";"NC";3;"Daniel Ricciardo";"McLaren Mercedes";"4";"45";"DNF";0;"No";"1:26.603"
"Azerbaijan";"8";3;"Daniel Ricciardo";"McLaren Mercedes";"12";"51";"+92.207";4;"No";"1:48.276"
"Italy";"NC";18;"Lance Stroll";"Aston Martin Aramco Mercedes";"12";"39";"DNF";0;"No";"1:27.467"
"Azerbaijan";"9";4;"Lando Norris";"McLaren Mercedes";"11";"51";"+92.556";2;"No";"1:47.997"
"Italy";"NC";14;"Fernando Alonso";"Alpine Renault";"6";"31";"DNF";0;"No";"1:27.203"
"Azerbaijan";"10";31;"Esteban Ocon";"Alpine Renault";"13";"51";"+108.184";1;"No";"1:48.297"
"Italy";"NC";5;"Sebastian Vettel";"Aston Martin Aramco Mercedes";"11";"10";"DNF";0;"No";"1:27.501"
"Azerbaijan";"11";77;"Valtteri Bottas";"Alfa Romeo Ferrari";"15";"50";"+1 lap";0;"No";"1:48.179"
"Singapore";"1";11;"Sergio Perez";"Red Bull Racing RBPT";"2";"59";"2:02:20.238";25;"No";"1:48.165"
"Azerbaijan";"12";23;"Alexander Albon";"Williams Mercedes";"17";"50";"+1 lap";0;"No";"1:47.966"
"Azerbaijan";"13";22;"Yuki Tsunoda";"AlphaTauri RBPT";"8";"50";"+1 lap";0;"No";"1:47.523"
"Singapore";"2";16;"Charles Leclerc";"Ferrari";"1";"59";"+2.595";18;"No";"1:48.753"
"Azerbaijan";"14";47;"Mick Schumacher";"Haas Ferrari";"20";"50";"+1 lap";0;"No";"1:48.410"
"Singapore";"3";55;"Carlos Sainz";"Ferrari";"4";"59";"+10.305";15;"No";"1:48.414"
"Singapore";"4";4;"Lando Norris";"McLaren Mercedes";"6";"59";"+21.133";12;"No";"1:49.212"
"Singapore";"5";3;"Daniel Ricciardo";"McLaren Mercedes";"16";"59";"+53.282";10;"No";"1:51.006"
"Azerbaijan";"15";6;"Nicholas Latifi";"Williams Mercedes";"18";"50";"+1 lap";0;"No";"1:49.583"
"Singapore";"6";18;"Lance Stroll";"Aston Martin Aramco Mercedes";"11";"59";"+56.330";8;"No";"1:50.283"
"Azerbaijan";"16";18;"Lance Stroll";"Aston Martin Aramco Mercedes";"19";"46";"DNF";0;"No";"1:48.038"
"Singapore";"7";1;"Max Verstappen";"Red Bull Racing RBPT";"8";"59";"+58.825";6;"No";"1:49.142"
"Azerbaijan";"NC";20;"Kevin Magnussen";"Haas Ferrari";"16";"31";"DNF";0;"No";"1:48.789"
"Azerbaijan";"NC";24;"Guanyu Zhou";"Alfa Romeo Ferrari";"14";"23";"DNF";0;"No";"1:48.723"
"Azerbaijan";"NC";16;"Charles Leclerc";"Ferrari";"1";"21";"DNF";0;"No";"1:47.531"
"Singapore";"8";5;"Sebastian Vettel";"Aston Martin Aramco Mercedes";"13";"59";"+60.032";4;"No";"1:50.669"
"Azerbaijan";"NC";55;"Carlos Sainz";"Ferrari";"4";"8";"DNF";0;"No";"1:48.978"
"Singapore";"9";44;"Lewis Hamilton";"Mercedes";"3";"59";"+61.515";2;"No";"1:50.622"
"Singapore";"10";10;"Pierre Gasly";"AlphaTauri RBPT";"7";"59";"+69.576";1;"No";"1:50.569"
"Singapore";"11";77;"Valtteri Bottas";"Alfa Romeo Ferrari";"15";"59";"+88.844";0;"No";"1:51.864"
"Canada";"1";1;"Max Verstappen";"Red Bull Racing RBPT";"1";"70";"1:36:21.757";25;"No";"1:15.839"
"Singapore";"12";20;"Kevin Magnussen";"Haas Ferrari";"9";"59";"+92.610";0;"No";"1:52.067"
"Canada";"2";55;"Carlos Sainz";"Ferrari";"3";"70";"+0.993";19;"Yes";"1:15.749"
"Canada";"3";44;"Lewis Hamilton";"Mercedes";"4";"70";"+7.006";15;"No";"1:16.167"
"Singapore";"13";47;"Mick Schumacher";"Haas Ferrari";"12";"58";"+1 lap";0;"No";"1:50.290"
"Canada";"4";63;"George Russell";"Mercedes";"8";"70";"+12.313";12;"No";"1:16.418"
"Canada";"5";16;"Charles Leclerc";"Ferrari";"19";"70";"+15.168";10;"No";"1:15.901"
"Singapore";"14";63;"George Russell";"Mercedes";"20";"57";"+2 laps";0;"No";"1:46.458"
"Canada";"6";31;"Esteban Ocon";"Alpine Renault";"7";"70";"+23.890";8;"No";"1:17.110"
"Singapore";"NC";22;"Yuki Tsunoda";"AlphaTauri RBPT";"10";"34";"DNF";0;"No";"1:58.716"
"Singapore";"NC";31;"Esteban Ocon";"Alpine Renault";"17";"26";"DNF";0;"No";"2:01.105"
"Singapore";"NC";23;"Alexander Albon";"Williams Mercedes";"18";"25";"DNF";0;"No";"2:02.121"
"Canada";"7";77;"Valtteri Bottas";"Alfa Romeo Ferrari";"11";"70";"+25.247";6;"No";"1:16.927"
"Singapore";"NC";14;"Fernando Alonso";"Alpine Renault";"5";"20";"DNF";0;"No";"2:00.463"
"Canada";"8";24;"Guanyu Zhou";"Alfa Romeo Ferrari";"10";"70";"+26.952";4;"No";"1:16.578"
"Singapore";"NC";6;"Nicholas Latifi";"Williams Mercedes";"19";"7";"DNF";0;"No";"2:05.585"
"Canada";"9";14;"Fernando Alonso";"Alpine Renault";"2";"70";"+29.945";2;"No";"1:17.010"
"Canada";"10";18;"Lance Stroll";"Aston Martin Aramco Mercedes";"17";"70";"+38.222";1;"No";"1:17.421"
"Singapore";"NC";24;"Guanyu Zhou";"Alfa Romeo Ferrari";"14";"6";"DNF";0;"No";"2:05.556"
"Canada";"11";3;"Daniel Ricciardo";"McLaren Mercedes";"9";"70";"+43.047";0;"No";"1:17.932"
"Japan";"1";1;"Max Verstappen";"Red Bull Racing RBPT";"1";"28";"3:01:44.004";25;"No";"1:44.911"
"Japan";"2";11;"Sergio Perez";"Red Bull Racing RBPT";"4";"28";"+27.066";18;"No";"1:46.120"
"Canada";"12";5;"Sebastian Vettel";"Aston Martin Aramco Mercedes";"16";"70";"+44.245";0;"No";"1:17.956"
"Japan";"3";16;"Charles Leclerc";"Ferrari";"2";"28";"+31.763";15;"No";"1:44.489"
"Canada";"13";23;"Alexander Albon";"Williams Mercedes";"12";"70";"+44.893";0;"No";"1:17.951"
"Japan";"4";31;"Esteban Ocon";"Alpine Renault";"5";"28";"+39.685";12;"No";"1:46.559"
"Canada";"14";10;"Pierre Gasly";"AlphaTauri RBPT";"15";"70";"+45.183";0;"No";"1:17.810"
"Canada";"15";4;"Lando Norris";"McLaren Mercedes";"14";"70";"+52.145";0;"No";"1:17.495"
"Japan";"5";44;"Lewis Hamilton";"Mercedes";"6";"28";"+40.326";10;"No";"1:45.530"
"Canada";"16";6;"Nicholas Latifi";"Williams Mercedes";"18";"70";"+59.978";0;"No";"1:18.540"
"Canada";"17";20;"Kevin Magnussen";"Haas Ferrari";"5";"70";"+68.180";0;"No";"1:18.046"
"Japan";"6";5;"Sebastian Vettel";"Aston Martin Aramco Mercedes";"9";"28";"+46.358";8;"No";"1:46.964"
"Japan";"7";14;"Fernando Alonso";"Alpine Renault";"7";"28";"+46.369";6;"No";"1:44.412"
"Japan";"8";63;"George Russell";"Mercedes";"8";"28";"+47.661";4;"No";"1:47.004"
"Canada";"NC";22;"Yuki Tsunoda";"AlphaTauri RBPT";"20";"47";"DNF";0;"No";"1:18.309"
"Japan";"9";6;"Nicholas Latifi";"Williams Mercedes";"19";"28";"+70.143";2;"No";"1:48.371"
"Canada";"NC";47;"Mick Schumacher";"Haas Ferrari";"6";"18";"DNF";0;"No";"1:18.967"
"Japan";"10";4;"Lando Norris";"McLaren Mercedes";"10";"28";"+70.782";1;"No";"1:48.175"
"Canada";"NC";11;"Sergio Perez";"Red Bull Racing RBPT";"13";"7";"DNF";0;"No";"1:18.844"
"Great Britain";"1";55;"Carlos Sainz";"Ferrari";"1";"52";"2:17:50.311";25;"No";"1:30.813"
"Great Britain";"2";11;"Sergio Perez";"Red Bull Racing RBPT";"4";"52";"+3.779";18;"No";"1:30.937"
"Japan";"11";3;"Daniel Ricciardo";"McLaren Mercedes";"11";"28";"+72.877";0;"No";"1:47.843"
"Great Britain";"3";44;"Lewis Hamilton";"Mercedes";"5";"52";"+6.225";16;"Yes";"1:30.510"
"Japan";"12";18;"Lance Stroll";"Aston Martin Aramco Mercedes";"18";"28";"+73.904";0;"No";"1:45.205"
"Japan";"13";22;"Yuki Tsunoda";"AlphaTauri RBPT";"13";"28";"+75.599";0;"No";"1:45.893"
"Great Britain";"4";16;"Charles Leclerc";"Ferrari";"3";"52";"+8.546";12;"No";"1:31.282"
"Japan";"14";20;"Kevin Magnussen";"Haas Ferrari";"17";"28";"+86.016";0;"No";"1:48.072"
"Great Britain";"5";14;"Fernando Alonso";"Alpine Renault";"7";"52";"+9.571";10;"No";"1:31.609"
"Japan";"15";77;"Valtteri Bottas";"Alfa Romeo Ferrari";"12";"28";"+86.496";0;"No";"1:47.820"
"Great Britain";"6";4;"Lando Norris";"McLaren Mercedes";"6";"52";"+11.943";8;"No";"1:31.645"
"Japan";"16";24;"Guanyu Zhou";"Alfa Romeo Ferrari";"14";"28";"+87.043";0;"No";"1:44.411"
"Great Britain";"7";1;"Max Verstappen";"Red Bull Racing RBPT";"2";"52";"+18.777";6;"No";"1:32.354"
"Great Britain";"8";47;"Mick Schumacher";"Haas Ferrari";"19";"52";"+18.995";4;"No";"1:32.109"
"Japan";"17";47;"Mick Schumacher";"Haas Ferrari";"15";"28";"+92.523";0;"No";"1:46.545"
"Japan";"18";10;"Pierre Gasly";"AlphaTauri RBPT";"20";"28";"+108.091";0;"No";"1:45.387"
"Great Britain";"9";5;"Sebastian Vettel";"Aston Martin Aramco Mercedes";"18";"52";"+22.356";2;"No";"1:32.471"
"Great Britain";"10";20;"Kevin Magnussen";"Haas Ferrari";"17";"52";"+24.590";1;"No";"1:32.661"
"Great Britain";"11";18;"Lance Stroll";"Aston Martin Aramco Mercedes";"20";"52";"+26.147";0;"No";"1:32.379"
"Great Britain";"12";6;"Nicholas Latifi";"Williams Mercedes";"10";"52";"+32.511";0;"No";"1:33.286"
"Great Britain";"13";3;"Daniel Ricciardo";"McLaren Mercedes";"14";"52";"+32.817";0;"No";"1:32.644"
"Great Britain";"14";22;"Yuki Tsunoda";"AlphaTauri RBPT";"13";"52";"+40.910";0;"No";"1:33.832"
"Great Britain";"NC";31;"Esteban Ocon";"Alpine Renault";"15";"37";"DNF";0;"No";"1:33.537"
"Great Britain";"NC";10;"Pierre Gasly";"AlphaTauri RBPT";"11";"26";"DNF";0;"No";"1:34.614"
"Great Britain";"NC";77;"Valtteri Bottas";"Alfa Romeo Ferrari";"12";"20";"DNF";0;"No";"1:35.103"
"Great Britain";"NC";63;"George Russell";"Mercedes";"8";"0";"DNF";0;"No";""
"Great Britain";"NC";24;"Guanyu Zhou";"Alfa Romeo Ferrari";"9";"0";"DNF";0;"No";""
"Great Britain";"NC";23;"Alexander Albon";"Williams Mercedes";"16";"0";"DNF";0;"No";""
"Austria";"1";16;"Charles Leclerc";"Ferrari";"2";"71";"1:24:24.312";25;"No";"1:07.583"
"Austria";"2";1;"Max Verstappen";"Red Bull Racing RBPT";"1";"71";"+1.532";19;"Yes";"1:07.275"
"Austria";"3";44;"Lewis Hamilton";"Mercedes";"8";"71";"+41.217";15;"No";"1:09.000"
"Austria";"4";63;"George Russell";"Mercedes";"4";"71";"+58.972";12;"No";"1:09.075"
"Austria";"5";31;"Esteban Ocon";"Alpine Renault";"6";"71";"+68.436";10;"No";"1:09.559"
"Japan";"NC";55;"Carlos Sainz";"Ferrari";"3";"0";"DNF";0;"No";""
"Austria";"6";47;"Mick Schumacher";"Haas Ferrari";"9";"70";"+1 lap";8;"No";"1:09.625"
"Japan";"NC";23;"Alexander Albon";"Williams Mercedes";"16";"0";"DNF";0;"No";""
"United States";"1";1;"Max Verstappen";"Red Bull Racing RBPT";"2";"56";"1:42:11.687";25;"No";"1:39.541"
"United States";"2";44;"Lewis Hamilton";"Mercedes";"3";"56";"+5.023";18;"No";"1:39.830"
"Austria";"7";4;"Lando Norris";"McLaren Mercedes";"10";"70";"+1 lap";6;"No";"1:09.304"
"Austria";"8";20;"Kevin Magnussen";"Haas Ferrari";"7";"70";"+1 lap";4;"No";"1:09.938"
"United States";"3";16;"Charles Leclerc";"Ferrari";"12";"56";"+7.501";15;"No";"1:39.731"
"United States";"4";11;"Sergio Perez";"Red Bull Racing RBPT";"9";"56";"+8.293";12;"No";"1:39.563"
"United States";"5";63;"George Russell";"Mercedes";"4";"56";"+44.815";11;"Yes";"1:38.788"
"United States";"6";4;"Lando Norris";"McLaren Mercedes";"6";"56";"+53.785";8;"No";"1:41.322"
"United States";"7";14;"Fernando Alonso";"Alpine Renault";"14";"56";"+55.078";6;"No";"1:41.804"
"United States";"8";5;"Sebastian Vettel";"Aston Martin Aramco Mercedes";"10";"56";"+65.354";4;"No";"1:41.538"
"United States";"9";20;"Kevin Magnussen";"Haas Ferrari";"13";"56";"+65.834";2;"No";"1:42.546"
"United States";"10";22;"Yuki Tsunoda";"AlphaTauri RBPT";"19";"56";"+70.919";1;"No";"1:42.206"
"United States";"11";31;"Esteban Ocon";"Alpine Renault";"20";"56";"+72.875";0;"No";"1:41.243"
"United States";"12";24;"Guanyu Zhou";"Alfa Romeo Ferrari";"18";"56";"+76.164";0;"No";"1:42.394"
"United States";"13";23;"Alexander Albon";"Williams Mercedes";"8";"56";"+80.057";0;"No";"1:42.471"
"Austria";"9";3;"Daniel Ricciardo";"McLaren Mercedes";"11";"70";"+1 lap";2;"No";"1:09.924"
"Austria";"10";14;"Fernando Alonso";"Alpine Renault";"19";"70";"+1 lap";1;"No";"1:08.558"
"Austria";"11";77;"Valtteri Bottas";"Alfa Romeo Ferrari";"20";"70";"+1 lap";0;"No";"1:09.266"
"Austria";"12";23;"Alexander Albon";"Williams Mercedes";"15";"70";"+1 lap";0;"No";"1:09.669"
"Austria";"13";18;"Lance Stroll";"Aston Martin Aramco Mercedes";"12";"70";"+1 lap";0;"No";"1:10.048"
"Austria";"14";24;"Guanyu Zhou";"Alfa Romeo Ferrari";"13";"70";"+1 lap";0;"No";"1:09.380"
"Austria";"15";10;"Pierre Gasly";"AlphaTauri RBPT";"14";"70";"+1 lap";0;"No";"1:10.104"
"Austria";"16";22;"Yuki Tsunoda";"AlphaTauri RBPT";"16";"70";"+1 lap";0;"No";"1:10.023"
"Austria";"17";5;"Sebastian Vettel";"Aston Martin Aramco Mercedes";"18";"70";"+1 lap";0;"No";"1:10.001"
"Austria";"NC";55;"Carlos Sainz";"Ferrari";"3";"56";"DNF";0;"No";"1:08.649"
"Austria";"NC";6;"Nicholas Latifi";"Williams Mercedes";"17";"48";"DNF";0;"No";"1:10.890"
"Austria";"NC";11;"Sergio Perez";"Red Bull Racing RBPT";"5";"24";"DNF";0;"No";"1:11.843"
"France";"1";1;"Max Verstappen";"Red Bull Racing RBPT";"2";"53";"1:30:02.112";25;"No";"1:37.491"
"France";"2";44;"Lewis Hamilton";"Mercedes";"4";"53";"+10.587";18;"No";"1:37.668"
"France";"3";63;"George Russell";"Mercedes";"6";"53";"+16.495";15;"No";"1:37.548"
"France";"4";11;"Sergio Perez";"Red Bull Racing RBPT";"3";"53";"+17.310";12;"No";"1:37.780"
